data_type,rate_type,n_python_terms,n_xstar_terms,n_matched_terms,n_python_only_terms,n_xstar_only_terms,n_terms_outside_tolerance,max_abs_aj1_difference,max_abs_aj2_difference,l1_aj1_difference,l1_aj2_difference,max_active_relative_difference,ready
2,5,8,8,8,0,0,0,0.0,0.0,0.0,0.0,0.0,True
9,5,8,8,8,0,0,6,2.1595149673834742e-07,2.1595149673834742e-07,4.900040541838662e-07,4.900040541838662e-07,1.0,False
49,7,1004,1004,260,744,744,1679,0.004216964570704952,0.004216964570704952,0.07708976244320173,0.07708976244320173,0.00171630056933826,False
50,4,10924,10924,10924,0,0,0,19987.72705078125,19987.72705078125,155380.39796819538,155380.39796819538,5.64483150962958e-08,True
51,3,3784,3784,3784,0,0,0,5.311829465171058e-07,5.311829465171058e-07,1.8866172037753948e-05,1.8866172037753948e-05,3.987694557792268e-07,True
53,7,2932,2932,2932,0,0,0,2.152621028095325e-07,2.152621028095325e-07,6.523342472625398e-06,6.523342472625398e-06,9.474967791525917e-07,True
54,4,240,240,240,0,0,0,35844.060203552246,35844.060203552246,732566.438478291,732566.438478291,1.2498612818888875e-06,True
56,3,12,12,12,0,0,9,0.02896219722618053,0.02896219722618053,0.1560080347404531,0.1560080347404531,0.0,False
57,5,1156,1156,1156,0,0,0,6.043779716691233e-07,6.043779716691233e-07,1.383348194392416e-06,1.383348194392416e-06,6.490134508947522e-07,True
63,3,2120,2120,2120,0,0,0,0.007236963845571154,0.007236963845571154,0.34481939499841796,0.34481939499841796,6.249032465929881e-06,True
68,3,48,48,48,0,0,0,7.283586667128361e-08,7.283586667128361e-08,7.316257812917115e-07,7.316257812917115e-07,4.253275347041235e-08,True
69,3,24,24,24,0,0,0,1.0186361864422677e-07,1.0186361864422677e-07,2.213424326671931e-07,2.213424326671931e-07,0.9999999999979026,True
71,14,312,312,312,0,0,0,0.0,0.0,0.0,0.0,0.0,True
72,40,24,24,0,24,24,48,1.917977652015765e-26,1.917977652015765e-26,6.07610226183363e-26,6.07610226183363e-26,0.0,False
73,3,156,156,156,0,0,0,4.3009644228274206e-16,4.3009644228274206e-16,1.3377605998378713e-15,1.3377605998378713e-15,8.182830383197932e-08,True
74,7,168,168,168,0,0,0,1.755944192404369e-15,1.755944192404369e-15,4.335845283036552e-14,4.335845283036552e-14,1.2135609439172822e-07,True
76,9,12,12,12,0,0,0,0.0,0.0,0.0,0.0,0.0,True
77,23,296,296,296,0,0,129,0.0001671048907166119,0.0001671048907166119,0.0014607011007310299,0.0014607011007310299,0.9947255623681478,False
86,41,3604,3604,3604,0,0,0,0.0,0.0,0.0,0.0,0.0,True
88,42,36,36,36,0,0,24,8.852758372931491e-05,8.852758372931491e-05,0.0005834292746069202,0.0005834292746069202,0.10165430656543434,False
95,5,24,24,24,0,0,0,5.662192386506927e-11,5.662192386506927e-11,1.1586402127064709e-10,1.1586402127064709e-10,6.808289681896998e-07,True
99,7,28,28,28,0,0,0,0.8886656307149678,0.8886656307149678,3.4992907852155373,3.4992907852155373,9.126497220787101e-07,True
