data_type,source_category,cpp_path,cpp_supported
1,physical,legacy_native_opcode,1
2,physical,legacy_native_opcode,1
3,physical,source_ucalc_generic_opcode_200,1
4,physical,source_ucalc_generic_opcode_200,1
5,physical,source_ucalc_generic_opcode_200,1
6,physical,source_ucalc_generic_opcode_200,1
7,physical,legacy_native_opcode,1
8,physical,source_ucalc_generic_opcode_200,1
9,physical,legacy_native_opcode,1
10,physical,legacy_native_opcode,1
11,physical,source_ucalc_generic_opcode_200,1
12,physical,source_ucalc_generic_opcode_200,1
13,source_noop,source_noop,1
14,source_noop,source_noop,1
15,physical,source_ucalc_generic_opcode_200,1
16,physical,source_ucalc_generic_opcode_200,1
17,physical,source_ucalc_generic_opcode_200,1
18,physical,source_ucalc_generic_opcode_200,1
19,physical,source_ucalc_generic_opcode_200,1
20,physical,source_ucalc_generic_opcode_200,1
21,physical,source_ucalc_generic_opcode_200,1
22,physical,source_ucalc_generic_opcode_200,1
23,physical,source_ucalc_generic_opcode_200,1
24,source_noop,source_noop,1
25,physical,source_ucalc_generic_opcode_200,1
26,physical,source_ucalc_generic_opcode_200,1
27,physical,source_ucalc_generic_opcode_200,1
28,physical,source_ucalc_generic_opcode_200,1
29,source_noop,source_noop,1
30,physical,legacy_native_opcode,1
31,physical,source_ucalc_generic_opcode_200,1
32,physical,source_ucalc_generic_opcode_200,1
33,physical,source_ucalc_generic_opcode_200,1
34,physical,source_ucalc_generic_opcode_200,1
35,physical,source_ucalc_generic_opcode_200,1
36,physical,source_ucalc_generic_opcode_200,1
37,physical,source_ucalc_generic_opcode_200,1
38,physical,legacy_native_opcode,1
39,physical,legacy_native_opcode,1
40,source_noop,source_noop,1
41,source_noop,source_noop,1
42,source_noop,source_noop,1
43,source_noop,source_noop,1
44,source_noop,source_noop,1
45,source_noop,source_noop,1
46,source_noop,source_noop,1
47,source_noop,source_noop,1
48,source_noop,source_noop,1
49,physical,legacy_native_opcode,1
50,physical,legacy_native_opcode,1
51,physical,legacy_native_opcode,1
52,physical,alias_to_type59,1
53,physical,legacy_native_opcode,1
54,physical,legacy_native_opcode,1
55,physical,source_ucalc_generic_opcode_200,1
56,physical,legacy_native_opcode,1
57,physical,legacy_native_opcode,1
58,source_noop,source_noop,1
59,physical,legacy_native_opcode,1
60,physical,legacy_native_opcode,1
61,source_noop,source_noop,1
62,physical,legacy_native_opcode,1
63,physical,legacy_native_opcode,1
64,physical,source_ucalc_generic_opcode_200,1
65,physical,source_ucalc_generic_opcode_200,1
66,physical,legacy_native_opcode,1
67,physical,source_ucalc_generic_opcode_200,1
68,physical,legacy_native_opcode,1
69,physical,legacy_native_opcode,1
70,physical,source_ucalc_generic_opcode_200,1
71,physical,legacy_native_opcode,1
72,physical,legacy_native_opcode,1
73,physical,legacy_native_opcode,1
74,physical,legacy_native_opcode,1
75,physical,source_ucalc_generic_opcode_200,1
76,physical,legacy_native_opcode,1
77,physical,legacy_native_opcode,1
78,source_noop,source_noop,1
79,physical,source_ucalc_generic_opcode_200,1
80,source_noop,source_noop,1
81,physical,source_ucalc_generic_opcode_200,1
82,physical,source_ucalc_generic_opcode_200,1
83,source_noop,source_noop,1
84,source_noop,source_noop,1
85,physical,source_ucalc_generic_opcode_200,1
86,physical,legacy_native_opcode,1
87,source_noop,source_noop,1
88,physical,legacy_native_opcode,1
89,physical,source_ucalc_generic_opcode_200,1
90,source_noop,source_noop,1
91,physical,alias_to_type50,1
92,physical,source_ucalc_generic_opcode_200,1
93,source_noop,source_noop,1
94,source_noop,source_noop,1
95,physical,legacy_native_opcode,1
96,physical,source_ucalc_generic_opcode_200,1
97,physical,source_ucalc_generic_opcode_200,1
98,physical,source_ucalc_generic_opcode_200,1
99,physical,legacy_native_opcode,1
100,source_noop,source_noop,1
101,physical,source_ucalc_generic_opcode_200,1
102,physical,source_ucalc_generic_opcode_200,1
