product,hdu,candidate_rows,reference_rows,matched_identity_rows,missing_from_cpp,extra_in_cpp,order_shifted_rows_note
xo01_detail,XSTAR_RADIAL#1,837,852,837,15,0,large positional shift after missing rows
xo01_detail,XSTAR_RADIAL#2,837,852,837,15,0,large positional shift after missing rows
xo01_detail,XSTAR_RADIAL#3,944,958,943,15,1,large positional shift after missing/extra rows
xo01_detail,XSTAR_RADIAL#4,944,958,943,15,1,large positional shift after missing/extra rows
xo01_detal2,XSTAR_RADIAL#1,12185,12131,12131,0,54,8965 positional differences before identity alignment
xo01_detal2,XSTAR_RADIAL#2,12185,12131,12131,0,54,8965 positional differences before identity alignment
xo01_detal2,XSTAR_RADIAL#3,15952,15746,15746,0,206,14861 positional differences before identity alignment
xo01_detal2,XSTAR_RADIAL#4,15952,15746,15746,0,206,14861 positional differences before identity alignment
xo01_detal3,XSTAR_RADIAL#1,798,798,798,0,0,identity exact
xo01_detal3,XSTAR_RADIAL#2,798,798,798,0,0,identity exact
xo01_detal3,XSTAR_RADIAL#3,824,786,786,0,38,about 39 positional rows shifted
xo01_detal3,XSTAR_RADIAL#4,824,786,786,0,38,about 39 positional rows shifted
