component,key,python_value,xstar_value,absolute_difference,relative_difference,within_tolerance,parity_class,active_level,milestone_blocking
global_level_rnisg,"global_level=934,Z=8,stage=3,level=1",4.5921985979879244e-10,3.55283550902967e-35,4.5921985979879244e-10,1.0,False,global_level_primary,True,True
global_level_bilevg,"global_level=934,Z=8,stage=3,level=1",0.9996194241881546,1.2883314693300434e+25,1.2883314693300434e+25,1.0,False,global_level_derived,True,False
global_level_rnisg,"global_level=935,Z=8,stage=3,level=2",3.7920763293959746e-10,1.0635853989574055e-34,3.7920763293959746e-10,1.0,False,global_level_primary,True,True
global_level_bilevg,"global_level=935,Z=8,stage=3,level=2",0.9996232587135397,3.5604201257122673e+24,3.5604201257122673e+24,1.0,False,global_level_derived,True,False
global_level_rnisg,"global_level=936,Z=8,stage=3,level=3",4.147164002801464e-10,1.766221964797403e-34,4.147164002801464e-10,1.0,False,global_level_primary,True,True
global_level_bilevg,"global_level=936,Z=8,stage=3,level=3",0.9996604963962844,2.345665120712475e+24,2.345665120712475e+24,1.0,False,global_level_derived,True,False
global_level_rnisg,"global_level=937,Z=8,stage=3,level=4",2.9096620759608307e-10,1.2144393536387861e-34,2.9096620759608307e-10,1.0,False,global_level_primary,True,True
global_level_bilevg,"global_level=937,Z=8,stage=3,level=4",0.9996544178553814,2.3928518631299517e+24,2.3928518631299517e+24,1.0,False,global_level_derived,True,False
global_level_rnisg,"global_level=938,Z=8,stage=3,level=5",2.697540792010358e-11,1.5802043350188537e-35,2.697540792010358e-11,1.0,False,global_level_primary,True,True
global_level_bilevg,"global_level=938,Z=8,stage=3,level=5",0.9996641525351698,1.6956013081581246e+24,1.6956013081581246e+24,1.0,False,global_level_derived,True,False
global_level_bilevg,"global_level=939,Z=8,stage=3,level=6",0.9996270933722667,4.499284210610758e+21,4.499284210610758e+21,1.0,False,global_level_derived,False,False
global_level_bilevg,"global_level=940,Z=8,stage=3,level=7",0.9996278390247789,1.182437737030269e+16,1.182437737030269e+16,1.0,False,global_level_derived,False,False
global_level_bilevg,"global_level=941,Z=8,stage=3,level=8",0.9996223792009646,2.265067709947274e+16,2.265067709947274e+16,1.0,False,global_level_derived,False,False
global_level_bilevg,"global_level=942,Z=8,stage=3,level=9",0.9996515692804645,9653056449411350.0,9653056449411350.0,1.0,False,global_level_derived,False,False
global_level_bilevg,"global_level=943,Z=8,stage=3,level=10",0.9996287807194959,4871099610151709.0,4871099610151708.0,0.9999999999999998,False,global_level_derived,False,False
global_level_bilevg,"global_level=944,Z=8,stage=3,level=11",0.9996352742327487,7607286655152592.0,7607286655152591.0,0.9999999999999999,False,global_level_derived,False,False
global_level_bilevg,"global_level=945,Z=8,stage=3,level=12",0.9996530344288002,4481370741460266.0,4481370741460265.0,0.9999999999999998,False,global_level_derived,False,False
global_level_bilevg,"global_level=946,Z=8,stage=3,level=13",0.9996611360486157,2021155406322955.0,2021155406322954.0,0.9999999999999996,False,global_level_derived,False,False
global_level_bilevg,"global_level=947,Z=8,stage=3,level=14",0.999629238855535,1295552148746674.5,1295552148746673.5,0.9999999999999992,False,global_level_derived,False,False
global_level_bilevg,"global_level=948,Z=8,stage=3,level=15",0.999664093229441,999607090685559.6,999607090685558.6,0.999999999999999,False,global_level_derived,False,False
global_level_bilevg,"global_level=949,Z=8,stage=3,level=16",0.9997286872355766,1.3227717573374278e+16,1.3227717573374278e+16,1.0,False,global_level_derived,False,False
global_level_bilevg,"global_level=950,Z=8,stage=3,level=17",0.999726595693887,1.6834375647591384e+16,1.6834375647591384e+16,1.0,False,global_level_derived,False,False
global_level_bilevg,"global_level=951,Z=8,stage=3,level=18",0.9997255821044414,1.785959302956819e+16,1.785959302956819e+16,1.0,False,global_level_derived,False,False
global_level_bilevg,"global_level=952,Z=8,stage=3,level=19",0.9997536953629457,7455575947489876.0,7455575947489875.0,0.9999999999999999,False,global_level_derived,False,False
global_level_bilevg,"global_level=953,Z=8,stage=3,level=20",0.999623549347146,72409274890487.19,72409274890486.19,0.9999999999999862,False,global_level_derived,False,False
global_level_bilevg,"global_level=954,Z=8,stage=3,level=21",0.9996378299940147,40849616378844.49,40849616378843.49,0.9999999999999756,False,global_level_derived,False,False
global_level_bilevg,"global_level=955,Z=8,stage=3,level=22",0.9996486447622989,27179817768428.895,27179817768427.895,0.9999999999999633,False,global_level_derived,False,False
global_level_bilevg,"global_level=956,Z=8,stage=3,level=23",0.9997752253046144,1.273801837723604e+17,1.273801837723604e+17,1.0,False,global_level_derived,False,False
global_level_bilevg,"global_level=957,Z=8,stage=3,level=24",0.9997550233380783,1.8146248165223235e+17,1.8146248165223235e+17,1.0,False,global_level_derived,False,False
global_level_bilevg,"global_level=958,Z=8,stage=3,level=25",0.9997457740991658,2.5046158709208886e+17,2.5046158709208886e+17,1.0,False,global_level_derived,False,False
global_level_bilevg,"global_level=959,Z=8,stage=3,level=26",0.9997439258296328,2.7577688418198378e+17,2.7577688418198378e+17,1.0,False,global_level_derived,False,False
global_level_bilevg,"global_level=960,Z=8,stage=3,level=27",0.9997829823769279,4.77798051197217e+16,4.77798051197217e+16,1.0,False,global_level_derived,False,False
global_level_bilevg,"global_level=961,Z=8,stage=3,level=28",0.9997425684669721,5.378485307840891e+16,5.378485307840891e+16,1.0,False,global_level_derived,False,False
global_level_bilevg,"global_level=962,Z=8,stage=3,level=29",0.9997664128948267,6.251113629699885e+16,6.251113629699885e+16,1.0,False,global_level_derived,False,False
global_level_bilevg,"global_level=963,Z=8,stage=3,level=30",0.9997749257491987,6.5063848639976936e+16,6.5063848639976936e+16,1.0,False,global_level_derived,False,False
global_level_bilevg,"global_level=964,Z=8,stage=3,level=31",0.9997780008204807,4.128108974274311e+16,4.128108974274311e+16,1.0,False,global_level_derived,False,False
global_level_bilevg,"global_level=965,Z=8,stage=3,level=32",0.999647466374089,144773422537281.62,144773422537280.62,0.9999999999999931,False,global_level_derived,False,False
global_level_bilevg,"global_level=966,Z=8,stage=3,level=33",0.9997809419709064,3.2859659312021244e+16,3.2859659312021244e+16,1.0,False,global_level_derived,False,False
global_level_bilevg,"global_level=967,Z=8,stage=3,level=34",0.9997854576684252,9.476606297531717e+16,9.476606297531717e+16,1.0,False,global_level_derived,False,False
global_level_bilevg,"global_level=968,Z=8,stage=3,level=35",0.9997862855086265,1.7424036374331904e+17,1.7424036374331904e+17,1.0,False,global_level_derived,False,False
global_level_bilevg,"global_level=969,Z=8,stage=3,level=36",0.9997861222634423,1.9750976344413302e+17,1.9750976344413302e+17,1.0,False,global_level_derived,False,False
global_level_bilevg,"global_level=970,Z=8,stage=3,level=37",0.9997842556466946,4429617976333598.0,4429617976333597.0,0.9999999999999998,False,global_level_derived,False,False
global_level_bilevg,"global_level=971,Z=8,stage=3,level=38",0.9997752514775383,1639374241027649.5,1639374241027648.5,0.9999999999999994,False,global_level_derived,False,False
global_level_bilevg,"global_level=972,Z=8,stage=3,level=39",0.9997810745182643,1811333833778712.8,1811333833778711.8,0.9999999999999994,False,global_level_derived,False,False
global_level_bilevg,"global_level=973,Z=8,stage=3,level=40",0.999783439660714,1902861818244602.5,1902861818244601.5,0.9999999999999994,False,global_level_derived,False,False
global_level_bilevg,"global_level=974,Z=8,stage=3,level=41",0.999783240281667,3001756388064681.5,3001756388064680.5,0.9999999999999997,False,global_level_derived,False,False
global_level_bilevg,"global_level=975,Z=8,stage=3,level=42",0.999781274568246,2663589486069814.0,2663589486069813.0,0.9999999999999997,False,global_level_derived,False,False
global_level_bilevg,"global_level=976,Z=8,stage=3,level=43",0.999782659640421,1648512047962826.2,1648512047962825.2,0.9999999999999994,False,global_level_derived,False,False
global_level_bilevg,"global_level=977,Z=8,stage=3,level=44",0.9997835627596181,1582138409503875.2,1582138409503874.2,0.9999999999999993,False,global_level_derived,False,False
global_level_bilevg,"global_level=978,Z=8,stage=3,level=45",0.9997848237703157,1827008644876755.2,1827008644876754.2,0.9999999999999994,False,global_level_derived,False,False
global_level_bilevg,"global_level=979,Z=8,stage=3,level=46",0.9996467054796697,17804535039426.8,17804535039425.8,0.9999999999999438,False,global_level_derived,False,False
global_level_bilevg,"global_level=980,Z=8,stage=3,level=47",0.9996603502691288,212749013541612.03,212749013541611.03,0.9999999999999953,False,global_level_derived,False,False
global_level_rnisg,"global_level=1012,Z=8,stage=3,level=79",1.0723909754064666e-06,1.478729944199246e-23,1.0723909754064666e-06,1.0,False,global_level_primary,True,True
global_level_bilevg,"global_level=1012,Z=8,stage=3,level=79",0.9996602452521145,7.248535399891262e+16,7.248535399891262e+16,1.0,False,global_level_derived,True,False
global_level_rnisg,"global_level=1013,Z=8,stage=4,level=1",1.0723909754064666e-06,1.478729944199246e-23,1.0723909754064666e-06,1.0,False,global_level_primary,True,True
global_level_bilevg,"global_level=1013,Z=8,stage=4,level=1",0.9996602452521145,7.248535399891214e+16,7.248535399891214e+16,1.0,False,global_level_derived,True,False
global_level_rnisg,"global_level=1014,Z=8,stage=4,level=2",1.5288375345730458e-06,2.936124884470611e-23,1.5288375345730458e-06,1.0,False,global_level_primary,True,True
global_level_bilevg,"global_level=1014,Z=8,stage=4,level=2",0.9997645179650649,5.2049737722471064e+16,5.2049737722471064e+16,1.0,False,global_level_derived,True,False
global_level_rnisg,"global_level=1015,Z=8,stage=4,level=3",3.6454561857628676e-11,3.870729355042234e-24,3.6454561857624805e-11,0.9999999999998939,False,global_level_primary,True,True
global_level_bilevg,"global_level=1015,Z=8,stage=4,level=3",1.0001836739023475,9418302703585.723,9418302703584.723,0.9999999999998939,False,global_level_derived,True,False
global_level_rnisg,"global_level=1016,Z=8,stage=4,level=4",7.113169823175021e-10,7.722554312386727e-24,7.113169823174943e-10,0.9999999999999891,False,global_level_primary,True,True
global_level_bilevg,"global_level=1016,Z=8,stage=4,level=4",1.0005046744270016,92141470282488.52,92141470282487.52,0.9999999999999891,False,global_level_derived,True,False
global_level_rnisg,"global_level=1017,Z=8,stage=4,level=5",3.405765177463327e-10,1.1543603542862953e-23,3.405765177463212e-10,0.9999999999999661,False,global_level_primary,True,True
global_level_bilevg,"global_level=1017,Z=8,stage=4,level=5",1.0005334803447135,29514743669340.457,29514743669339.457,0.9999999999999661,False,global_level_derived,True,False
global_level_bilevg,"global_level=1018,Z=8,stage=4,level=6",0.9997870474989718,227987761.76252833,227987760.7627413,0.9999999956147337,False,global_level_derived,False,False
global_level_bilevg,"global_level=1019,Z=8,stage=4,level=7",0.9999004620730721,190469831.91654673,190469830.91664627,0.9999999947503473,False,global_level_derived,False,False
global_level_bilevg,"global_level=1020,Z=8,stage=4,level=8",0.9998350428548173,101565373.3021286,101565372.30229355,0.9999999901557488,False,global_level_derived,False,False
global_level_bilevg,"global_level=1021,Z=8,stage=4,level=9",0.9997599452567383,44374352.042261824,44374351.04250188,0.9999999774698695,False,global_level_derived,False,False
global_level_bilevg,"global_level=1022,Z=8,stage=4,level=10",0.9998667414075455,37731395.4612825,37731394.46141576,0.9999999735004039,False,global_level_derived,False,False
global_level_bilevg,"global_level=1023,Z=8,stage=4,level=11",1.0172025546748555,1098449.9408831764,1098448.9236806217,0.9999990739654883,False,global_level_derived,False,False
global_level_bilevg,"global_level=1024,Z=8,stage=4,level=12",1.0043285098055086,11936786.475753913,11936785.471425403,0.9999999158627398,False,global_level_derived,False,False
global_level_bilevg,"global_level=1025,Z=8,stage=4,level=13",0.9998104825736915,4124282.0615317724,4124281.06172129,0.999999757579509,False,global_level_derived,False,False
global_level_bilevg,"global_level=1026,Z=8,stage=4,level=14",0.9998203412998257,1531491.7904422747,1531490.7906219333,0.9999993471591897,False,global_level_derived,False,False
global_level_bilevg,"global_level=1027,Z=8,stage=4,level=15",0.9998038625292639,1618866.2398616986,1618865.240057836,0.9999993824048967,False,global_level_derived,False,False
global_level_bilevg,"global_level=1028,Z=8,stage=4,level=16",0.9997191725630161,18649443.599830106,18649442.600110933,0.9999999463941556,False,global_level_derived,False,False
global_level_bilevg,"global_level=1029,Z=8,stage=4,level=17",1.0026515861921899,7889182.364596264,7889181.361944678,0.999999872908048,False,global_level_derived,False,False
global_level_bilevg,"global_level=1030,Z=8,stage=4,level=18",1.0027662271440985,714975968.0737693,714975967.0710031,0.9999999985974826,False,global_level_derived,False,False
global_level_bilevg,"global_level=1031,Z=8,stage=4,level=19",1.0027731616506161,23642741639.4903,23642741638.487526,0.9999999999575864,False,global_level_derived,False,False
global_level_bilevg,"global_level=1032,Z=8,stage=4,level=20",1.002778398252031,43622063.75093337,43622062.748154975,0.9999999770121285,False,global_level_derived,False,False
global_level_bilevg,"global_level=1033,Z=8,stage=4,level=21",0.9997466984351893,160943.3727233134,160942.37297661495,0.9999937882083522,False,global_level_derived,False,False
global_level_bilevg,"global_level=1034,Z=8,stage=4,level=22",0.9997624570520238,396658.70537405735,396657.7056116003,0.9999974795398576,False,global_level_derived,False,False
global_level_bilevg,"global_level=1035,Z=8,stage=4,level=23",0.9997465139048826,11915.406682135344,11914.40693562144,0.9999160963162589,False,global_level_derived,False,False
global_level_bilevg,"global_level=1036,Z=8,stage=4,level=24",0.9997277263599187,35209.23425549564,35208.23452776928,0.9999716060929043,False,global_level_derived,False,False
global_level_bilevg,"global_level=1037,Z=8,stage=4,level=25",0.9997179134147053,39135.890271976765,39134.89055406335,0.9999744552147283,False,global_level_derived,False,False
global_level_bilevg,"global_level=1038,Z=8,stage=4,level=26",0.9997384951415352,833060.3758080341,833059.376069539,0.999998799920721,False,global_level_derived,False,False
global_level_bilevg,"global_level=1039,Z=8,stage=4,level=27",0.9997632764225746,1929.0528296196742,1928.0530663432517,0.9994817335942947,False,global_level_derived,False,False
global_level_bilevg,"global_level=1040,Z=8,stage=4,level=28",0.999762499072587,13083.503999635983,13082.50423713691,0.9999235860287046,False,global_level_derived,False,False
global_level_bilevg,"global_level=1041,Z=8,stage=4,level=29",0.9997178467381209,12063.095898536956,12062.096180690218,0.9999171259305947,False,global_level_derived,False,False
global_level_bilevg,"global_level=1042,Z=8,stage=4,level=30",0.9997641700703286,30743.695243208822,30742.69547903875,0.9999674806765366,False,global_level_derived,False,False
global_level_bilevg,"global_level=1043,Z=8,stage=4,level=31",0.9997276013591295,35102019.977604575,35102018.977876976,0.9999999715193713,False,global_level_derived,False,False
global_level_bilevg,"global_level=1044,Z=8,stage=4,level=32",1.0026713824944526,7711366.376941156,7711365.374269773,0.9999998699748743,False,global_level_derived,False,False
global_level_bilevg,"global_level=1045,Z=8,stage=4,level=33",1.0027678364769288,1286186592.4666092,1286186591.4638414,0.9999999992203559,False,global_level_derived,False,False
global_level_bilevg,"global_level=1046,Z=8,stage=4,level=34",1.002772789700992,56934484803.2434,56934484802.24063,0.9999999999823873,False,global_level_derived,False,False
global_level_bilevg,"global_level=1047,Z=8,stage=4,level=35",1.002776557197006,28477942410.035748,28477942409.03297,0.9999999999647876,False,global_level_derived,False,False
global_level_bilevg,"global_level=1048,Z=8,stage=4,level=36",1.0027457035571823,18232997.39777056,18232996.39502486,0.9999999450037927,False,global_level_derived,False,False
global_level_bilevg,"global_level=1049,Z=8,stage=4,level=37",0.9997719128666833,425445.17407473957,425444.1743028267,0.9999976500569902,False,global_level_derived,False,False
global_level_bilevg,"global_level=1050,Z=8,stage=4,level=38",0.9997784182765235,152742.95664676905,152741.95686835077,0.9999934545039574,False,global_level_derived,False,False
global_level_bilevg,"global_level=1051,Z=8,stage=4,level=39",0.9997447699755876,10342.12849859016,10341.128753820185,0.9999033327839514,False,global_level_derived,False,False
global_level_bilevg,"global_level=1052,Z=8,stage=4,level=40",0.9997838696972834,30963.689264762976,30962.689480893278,0.9999677110869719,False,global_level_derived,False,False
global_level_bilevg,"global_level=1053,Z=8,stage=4,level=41",0.9997306100985749,8447.991542951508,8446.99181234141,0.9998816605574219,False,global_level_derived,False,False
global_level_bilevg,"global_level=1054,Z=8,stage=4,level=42",0.9997390056696205,107565121.64557606,107565120.64583705,0.9999999907057325,False,global_level_derived,False,False
global_level_bilevg,"global_level=1055,Z=8,stage=4,level=43",0.999784269864399,34576.08793353238,34575.08814926251,0.9999710845173755,False,global_level_derived,False,False
global_level_bilevg,"global_level=1056,Z=8,stage=4,level=44",0.9997448473083287,1522343.7652006692,1522342.7654558218,0.9999993432857478,False,global_level_derived,False,False
global_level_bilevg,"global_level=1057,Z=8,stage=4,level=45",0.9997721112639992,1914.526559632811,1913.526787521547,0.9994777966875237,False,global_level_derived,False,False
global_level_bilevg,"global_level=1058,Z=8,stage=4,level=46",0.9996888427078542,22829.667754454662,22828.668065611953,0.9999562109771609,False,global_level_derived,False,False
global_level_bilevg,"global_level=1059,Z=8,stage=4,level=47",0.9996989442952975,7348.853378165878,7347.853679221583,0.9998639653163763,False,global_level_derived,False,False
global_level_bilevg,"global_level=1060,Z=8,stage=4,level=48",0.9997892520212341,10549.109798299942,10548.110009047921,0.9999052252492261,False,global_level_derived,False,False
global_level_bilevg,"global_level=1061,Z=8,stage=4,level=49",0.9997249322070068,1929.038441929486,1928.038716997279,0.9994817496061887,False,global_level_derived,False,False
global_level_bilevg,"global_level=1062,Z=8,stage=4,level=50",0.999739376445657,35289361.234130375,35289360.234391,0.999999971670233,False,global_level_derived,False,False
global_level_bilevg,"global_level=1063,Z=8,stage=4,level=51",1.002770347211635,1140554417902.001,1140554417900.9983,0.9999999999991209,False,global_level_derived,False,False
global_level_bilevg,"global_level=1064,Z=8,stage=4,level=52",1.0027787460005146,25908434910.69954,25908434909.696762,0.9999999999612953,False,global_level_derived,False,False
global_level_bilevg,"global_level=1065,Z=8,stage=4,level=53",1.0027593774789096,18018631.148617797,18018630.14585842,0.9999999443487483,False,global_level_derived,False,False
global_level_bilevg,"global_level=1066,Z=8,stage=4,level=54",0.9997566657379262,441443.61630030914,441442.6165436434,0.9999977352562619,False,global_level_derived,False,False
global_level_bilevg,"global_level=1067,Z=8,stage=4,level=55",0.9998630046761513,12138.011788732369,12137.011925727693,0.999917625470952,False,global_level_derived,False,False
global_level_bilevg,"global_level=1068,Z=8,stage=4,level=56",0.9997877131010734,7382.730667683857,7381.730879970756,0.9998645775177094,False,global_level_derived,False,False
global_level_bilevg,"global_level=1069,Z=8,stage=4,level=57",0.9997571187301055,167952410.88160717,167952409.88185006,0.9999999940473786,False,global_level_derived,False,False
global_level_bilevg,"global_level=1070,Z=8,stage=4,level=58",0.9997595721005634,2380274.6347695272,2380273.635009955,0.99999957998142,False,global_level_derived,False,False
global_level_bilevg,"global_level=1071,Z=8,stage=4,level=59",0.9997820090019562,2036.4384295628813,2035.4386475538793,0.9995090536524511,False,global_level_derived,False,False
global_level_bilevg,"global_level=1072,Z=8,stage=4,level=60",0.9997456974270194,6239.510590978503,6238.510845281076,0.999839771776512,False,global_level_derived,False,False
global_level_bilevg,"global_level=1073,Z=8,stage=4,level=61",0.9998263235596003,17203.114124991807,17202.114298668246,0.9999418810852327,False,global_level_derived,False,False
global_level_bilevg,"global_level=1074,Z=8,stage=4,level=62",0.9997705580728351,598.9919820031569,597.9922114450841,0.9983309116179997,False,global_level_derived,False,False
global_level_bilevg,"global_level=1075,Z=8,stage=4,level=63",0.9998154150422918,6098.8663441180415,6097.866528702999,0.9998360653671305,False,global_level_derived,False,False
global_level_bilevg,"global_level=1076,Z=8,stage=4,level=64",0.9997915158104633,1718.0937519100228,1717.0939603942122,0.9994180809314398,False,global_level_derived,False,False
global_level_rnisg,"global_level=1077,Z=8,stage=4,level=65",1.971499244229977e-10,8.963198755980065e-27,1.971499244229977e-10,1.0,False,global_level_primary,True,True
global_level_bilevg,"global_level=1077,Z=8,stage=4,level=65",1.0131165812348695,2.228013758054187e+16,2.228013758054187e+16,1.0,False,global_level_derived,True,False
global_level_bilevg,"global_level=1078,Z=8,stage=4,level=66",0.9997775307132232,415539531.4910547,415539530.49127716,0.9999999975940254,False,global_level_derived,False,False
global_level_bilevg,"global_level=1079,Z=8,stage=4,level=67",0.9997985822931603,1288606.0207285278,1288605.0209299454,0.9999992241239244,False,global_level_derived,False,False
global_level_bilevg,"global_level=1080,Z=8,stage=4,level=68",0.9997898431691333,5565.131382438036,5564.131592594867,0.9998203474860765,False,global_level_derived,False,False
global_level_bilevg,"global_level=1081,Z=8,stage=4,level=69",0.9997701640517032,3943803.04490579,3943802.045135626,0.9999997464959196,False,global_level_derived,False,False
global_level_bilevg,"global_level=1082,Z=8,stage=4,level=70",0.9997608445088362,602.2160548574594,601.2162940129506,0.9983398635150212,False,global_level_derived,False,False
global_level_bilevg,"global_level=1083,Z=8,stage=4,level=71",0.9998094885796087,30668.84707220974,30667.84726272116,0.9999673998345544,False,global_level_derived,False,False
global_level_bilevg,"global_level=1084,Z=8,stage=4,level=72",0.9997569202673334,9193.964824954961,9192.965068034693,0.9998912594360211,False,global_level_derived,False,False
global_level_bilevg,"global_level=1085,Z=8,stage=4,level=73",0.9997127367811811,6213426311.2910595,6213426310.291347,0.9999999998391044,False,global_level_derived,False,False
global_level_bilevg,"global_level=1086,Z=8,stage=4,level=74",1.0026780412508118,7652258.092788652,7652257.09011061,0.999999868969652,False,global_level_derived,False,False
global_level_bilevg,"global_level=1087,Z=8,stage=4,level=75",1.0009705078147928,23264170.490006242,23264169.489035733,0.9999999569737288,False,global_level_derived,False,False
global_level_bilevg,"global_level=1088,Z=8,stage=4,level=76",1.0027740818204984,8271742.484524598,8271741.481750516,0.9999998787711194,False,global_level_derived,False,False
global_level_bilevg,"global_level=1089,Z=8,stage=4,level=77",1.0027793734283144,19345565.86314876,19345564.860369388,0.9999999481648983,False,global_level_derived,False,False
global_level_bilevg,"global_level=1090,Z=8,stage=4,level=78",1.0026436071670304,5720031.7448028475,5720030.74215924,0.9999998247136288,False,global_level_derived,False,False
global_level_bilevg,"global_level=1091,Z=8,stage=4,level=79",0.9996706733305079,2362285.743555866,2362284.743885193,0.9999995768205959,False,global_level_derived,False,False
global_level_bilevg,"global_level=1092,Z=8,stage=4,level=80",0.9997827223061544,82187.1464192494,82186.14663652709,0.9999878352909686,False,global_level_derived,False,False
global_level_bilevg,"global_level=1093,Z=8,stage=4,level=81",0.9997650629613393,13894.61084744017,13893.611082377209,0.9999280465589185,False,global_level_derived,False,False
global_level_bilevg,"global_level=1094,Z=8,stage=4,level=82",0.9997248137953086,25768.847189193322,25767.847464379527,0.9999612041312343,False,global_level_derived,False,False
global_level_bilevg,"global_level=1095,Z=8,stage=4,level=83",0.9997508406535826,21192.811952012693,21191.81220117204,0.9999528259466975,False,global_level_derived,False,False
global_level_bilevg,"global_level=1096,Z=8,stage=4,level=84",0.9996809936710782,50517.43764961667,50516.437968623,0.9999802111698419,False,global_level_derived,False,False
global_level_bilevg,"global_level=1097,Z=8,stage=4,level=85",0.9996798662519035,23441.23913546075,23440.2394555945,0.9999573537959972,False,global_level_derived,False,False
global_level_bilevg,"global_level=1098,Z=8,stage=4,level=86",0.9997292263177623,8489.872145837347,8488.87241661103,0.9998822444897704,False,global_level_derived,False,False
global_level_bilevg,"global_level=1099,Z=8,stage=4,level=87",0.9997191560027686,6233425917.184685,6233425916.184965,0.9999999998396195,False,global_level_derived,False,False
global_level_bilevg,"global_level=1100,Z=8,stage=4,level=88",1.0026903485547118,7628100.051644975,7628099.048954627,0.999999868553068,False,global_level_derived,False,False
global_level_bilevg,"global_level=1101,Z=8,stage=4,level=89",1.0013182060692911,19346782.17924087,19346781.177922666,0.9999999482436823,False,global_level_derived,False,False
global_level_bilevg,"global_level=1102,Z=8,stage=4,level=90",1.0027725571715,16635691480.55664,16635691479.553867,0.9999999999397216,False,global_level_derived,False,False
global_level_bilevg,"global_level=1103,Z=8,stage=4,level=91",1.0027880757868195,32701952.6421356,32701951.639347527,0.9999999693355291,False,global_level_derived,False,False
global_level_bilevg,"global_level=1104,Z=8,stage=4,level=92",1.0025770760770027,7976563.89530647,7976562.892729394,0.999999874309654,False,global_level_derived,False,False
global_level_bilevg,"global_level=1105,Z=8,stage=4,level=93",1.00277880603974,19443374.203828633,19443373.201049827,0.9999999484256799,False,global_level_derived,False,False
global_level_bilevg,"global_level=1106,Z=8,stage=4,level=94",1.002614287918804,5748290.985540232,5748289.982925944,0.9999998255804569,False,global_level_derived,False,False
global_level_bilevg,"global_level=1107,Z=8,stage=4,level=95",0.9998236241209443,1801455.5223199588,1801454.5224963347,0.9999994449912243,False,global_level_derived,False,False
global_level_bilevg,"global_level=1108,Z=8,stage=4,level=96",0.9997484318985227,79004.42692234478,79003.42717391287,0.999987345665669,False,global_level_derived,False,False
global_level_bilevg,"global_level=1109,Z=8,stage=4,level=97",0.9997534104227032,86383.47872511149,86382.47897170107,0.999988426566918,False,global_level_derived,False,False
global_level_bilevg,"global_level=1110,Z=8,stage=4,level=98",0.9997381176407267,29320.18252533977,29319.18278722213,0.9999659027321274,False,global_level_derived,False,False
global_level_bilevg,"global_level=1111,Z=8,stage=4,level=99",0.9997563560636565,20670.03687692962,20669.037120573554,0.9999516325799506,False,global_level_derived,False,False
global_level_bilevg,"global_level=1112,Z=8,stage=4,level=100",0.9997486576401057,29739.56214406556,29738.56239540792,0.999966383208576,False,global_level_derived,False,False
global_level_bilevg,"global_level=1113,Z=8,stage=4,level=101",0.999769853645174,6345.162750608149,6344.162980754503,0.9998424359007104,False,global_level_derived,False,False
global_level_bilevg,"global_level=1114,Z=8,stage=4,level=102",0.999816124963042,37879.05234238323,37878.05252625827,0.9999736050385865,False,global_level_derived,False,False
global_level_bilevg,"global_level=1115,Z=8,stage=4,level=103",0.9997710817417088,5659.690075584423,5658.690304502681,0.999823352327002,False,global_level_derived,False,False
global_level_bilevg,"global_level=1116,Z=8,stage=4,level=104",0.99981614655347,14924.190023726307,14923.190207579753,0.9999330070077529,False,global_level_derived,False,False
global_level_bilevg,"global_level=1117,Z=8,stage=4,level=105",0.9997811541771441,7772.835888922549,7771.836107768372,0.9998713749822504,False,global_level_derived,False,False
global_level_bilevg,"global_level=1118,Z=8,stage=4,level=106",1.0027201274905686,7608943.499324186,7608942.496604058,0.9999998682182187,False,global_level_derived,False,False
global_level_bilevg,"global_level=1119,Z=8,stage=4,level=107",1.0027849400248554,27501130163.583237,27501130162.580452,0.9999999999635366,False,global_level_derived,False,False
global_level_bilevg,"global_level=1120,Z=8,stage=4,level=108",1.0027882237510088,32892518.03623612,32892517.033447895,0.9999999695131816,False,global_level_derived,False,False
global_level_bilevg,"global_level=1121,Z=8,stage=4,level=109",1.002594428941815,7884978.113429977,7884977.110835548,0.9999998728475318,False,global_level_derived,False,False
global_level_bilevg,"global_level=1122,Z=8,stage=4,level=110",1.002739668027701,5207771.275566665,5207770.272826998,0.999999807453205,False,global_level_derived,False,False
global_level_bilevg,"global_level=1123,Z=8,stage=4,level=111",1.0026127214490843,3905389.2676868183,3905388.2650740966,0.9999997432745744,False,global_level_derived,False,False
global_level_bilevg,"global_level=1124,Z=8,stage=4,level=112",0.9997399126168289,85428.36443361532,85427.36469370271,0.9999882973305266,False,global_level_derived,False,False
global_level_bilevg,"global_level=1125,Z=8,stage=4,level=113",0.9997721815516278,75438.3776693315,75437.37789714996,0.9999867471675236,False,global_level_derived,False,False
global_level_bilevg,"global_level=1126,Z=8,stage=4,level=114",0.9997607237763583,28071.025827466692,28070.026066742917,0.9999643846031877,False,global_level_derived,False,False
global_level_bilevg,"global_level=1127,Z=8,stage=4,level=115",0.9997735214132087,20132.07179454924,20131.072021027827,0.9999503392630616,False,global_level_derived,False,False
global_level_bilevg,"global_level=1128,Z=8,stage=4,level=116",0.9997789753130656,26623.576936342364,26622.57715736705,0.9999624476088355,False,global_level_derived,False,False
global_level_bilevg,"global_level=1129,Z=8,stage=4,level=117",0.9997654018228803,130750.37446393016,130749.37469852834,0.9999923536325924,False,global_level_derived,False,False
global_level_bilevg,"global_level=1130,Z=8,stage=4,level=118",0.9997587833654132,5753.430178327736,5752.430419544371,0.9998262325686803,False,global_level_derived,False,False
global_level_bilevg,"global_level=1131,Z=8,stage=4,level=119",1.002775669882196,10412973993.626024,10412973992.62325,0.9999999999036995,False,global_level_derived,False,False
global_level_bilevg,"global_level=1132,Z=8,stage=4,level=120",1.0027886040065257,33047444.310835224,33047443.30804662,0.9999999696560922,False,global_level_derived,False,False
global_level_bilevg,"global_level=1133,Z=8,stage=4,level=121",1.0026552427093651,3819837.5219973996,3819836.519342157,0.9999997375136411,False,global_level_derived,False,False
global_level_bilevg,"global_level=1134,Z=8,stage=4,level=122",0.9997817546015266,79487.50938072728,79486.50959897268,0.9999874221527082,False,global_level_derived,False,False
global_level_bilevg,"global_level=1135,Z=8,stage=4,level=123",0.999805263061599,49213.17364746931,49212.17384220625,0.9999796841945162,False,global_level_derived,False,False
global_level_bilevg,"global_level=1136,Z=8,stage=4,level=124",0.9997757257367521,176251.2481490485,176250.24837332277,0.9999943275537834,False,global_level_derived,False,False
global_level_bilevg,"global_level=1137,Z=8,stage=4,level=125",1.0027779834338748,3494630961.050057,3494630960.047279,0.9999999997130518,False,global_level_derived,False,False
global_level_bilevg,"global_level=1138,Z=8,stage=4,level=126",0.9997144343151073,290521878.26081115,290521877.2610967,0.9999999965589014,False,global_level_derived,False,False
global_level_bilevg,"global_level=1139,Z=8,stage=4,level=127",0.9989620756346291,28.189567508381106,27.190605432746477,0.9645627030163685,False,global_level_derived,False,False
global_level_bilevg,"global_level=1140,Z=8,stage=4,level=128",0.9989610981419633,27.96081329952301,26.96185220138105,0.9642728168368764,False,global_level_derived,False,False
global_level_bilevg,"global_level=1141,Z=8,stage=4,level=129",0.9989624712029517,27.85350347502783,26.854541003824878,0.9641351231776435,False,global_level_derived,False,False
global_level_bilevg,"global_level=1142,Z=8,stage=4,level=130",1.0000231902080794,38.14260617214991,37.14258298194183,0.9737819910444857,False,global_level_derived,False,False
global_level_bilevg,"global_level=1143,Z=8,stage=4,level=131",0.9989850017615778,9.352552889871289,8.353567888109712,0.8931858484496285,False,global_level_derived,False,False
global_level_bilevg,"global_level=1144,Z=8,stage=4,level=132",0.9989856838592656,9.784232330569209,8.785246646709943,0.8978984093889409,False,global_level_derived,False,False
global_level_bilevg,"global_level=1145,Z=8,stage=4,level=133",0.9989257542774934,61.12276078273666,60.12383502845917,0.9836570576740109,False,global_level_derived,False,False
global_level_bilevg,"global_level=1146,Z=8,stage=4,level=134",0.9989268840003153,54.92151003808079,53.92258315408048,0.9818117367255983,False,global_level_derived,False,False
global_level_bilevg,"global_level=1147,Z=8,stage=4,level=135",0.998998583060009,5.899129226052969,4.900130642992959,0.830653212571099,False,global_level_derived,False,False
global_level_bilevg,"global_level=1148,Z=8,stage=4,level=136",0.9989451362304819,4.4026097047894925,3.4036645685590106,0.7731015912803368,False,global_level_derived,False,False
global_level_bilevg,"global_level=1149,Z=8,stage=4,level=137",0.9989594534749976,0.27736748116191534,0.7215919723130823,0.7223436044405406,False,global_level_derived,False,False
global_level_bilevg,"global_level=1150,Z=8,stage=4,level=138",0.9989516202664205,0.26844715662666474,0.7305044636397557,0.731271113454854,False,global_level_derived,False,False
global_level_bilevg,"global_level=1151,Z=8,stage=4,level=139",0.9989521333908551,0.37977377190399947,0.6191783614868556,0.619827858403094,False,global_level_derived,False,False
global_level_bilevg,"global_level=1152,Z=8,stage=4,level=140",0.9989061589143127,0.466040873019983,0.5328652858943297,0.5334487941024293,False,global_level_derived,False,False
global_level_bilevg,"global_level=1153,Z=8,stage=4,level=141",0.9988795843925011,0.7257557492566428,0.27312383513585836,0.2734301905889556,False,global_level_derived,False,False
global_level_bilevg,"global_level=1154,Z=8,stage=4,level=142",0.9988771869254517,1.089737041537707,0.09085985461225532,0.08337777936229893,False,global_level_derived,False,False
global_level_bilevg,"global_level=1155,Z=8,stage=4,level=143",0.9988717533304892,0.8613301894895853,0.13754156384090388,0.1376969199322193,False,global_level_derived,False,False
global_level_bilevg,"global_level=1156,Z=8,stage=4,level=144",0.9988593343536303,0.5799579048262086,0.4189014295274217,0.4193798016599566,False,global_level_derived,False,False
global_level_bilevg,"global_level=1157,Z=8,stage=4,level=145",0.9988856216118219,0.5186405769228982,0.4802450446889237,0.4807808164402153,False,global_level_derived,False,False
global_level_bilevg,"global_level=1158,Z=8,stage=4,level=146",0.9988415092027184,0.7871170913213128,0.2117244178814056,0.211969983156192,False,global_level_derived,False,False
global_level_bilevg,"global_level=1159,Z=8,stage=4,level=147",0.9988810234141096,0.7636868257622439,0.23519419765186567,0.23545766927074796,False,global_level_derived,False,False
global_level_rnisg,"global_level=1175,Z=8,stage=4,level=163",0.0006063045661421952,5.117278921964099e-14,0.0006063045660910224,0.9999999999155988,False,global_level_primary,True,True
global_level_bilevg,"global_level=1175,Z=8,stage=4,level=163",0.999713948916152,11842746383.273363,11842746382.27365,0.9999999999155843,False,global_level_derived,True,False
global_level_rnisg,"global_level=1176,Z=8,stage=5,level=1",0.0006063045661421952,5.117278921964099e-14,0.0006063045660910224,0.9999999999155988,False,global_level_primary,True,True
global_level_bilevg,"global_level=1176,Z=8,stage=5,level=1",0.999713948916152,11842746383.273363,11842746382.27365,0.9999999999155843,False,global_level_derived,True,False
global_level_rnisg,"global_level=1177,Z=8,stage=5,level=2",1.0183048722998743e-05,1.1000039188579342e-14,1.0183048711998704e-05,0.9999999989197695,False,global_level_primary,True,True
global_level_bilevg,"global_level=1177,Z=8,stage=5,level=2",1.003490160800588,928799577.9727278,928799576.9692376,0.9999999989195837,False,global_level_derived,True,False
global_level_rnisg,"global_level=1178,Z=8,stage=5,level=3",5.05409713423953e-08,3.291579691994217e-14,5.054093842659838e-08,0.9999993487304252,False,global_level_primary,True,True
global_level_bilevg,"global_level=1178,Z=8,stage=5,level=3",1.0033374653699336,1540322.0645148922,1540321.0611774267,0.9999993486183906,False,global_level_derived,True,False
global_level_rnisg,"global_level=1179,Z=8,stage=5,level=4",6.492618977669716e-05,5.454497734361759e-14,6.492618972215218e-05,0.9999999991598925,False,global_level_primary,True,True
global_level_bilevg,"global_level=1179,Z=8,stage=5,level=4",1.004218118933654,1195139302.641327,1195139301.6371088,0.999999999159748,False,global_level_derived,True,False
global_level_bilevg,"global_level=1180,Z=8,stage=5,level=5",1.0294675697060525,21.584549617373575,20.555082047667522,0.9523053485963207,False,global_level_derived,False,False
global_level_bilevg,"global_level=1181,Z=8,stage=5,level=6",1.0027656115434382,0.10667165159061416,0.896093959952824,0.8936225471210294,False,global_level_derived,False,False
global_level_bilevg,"global_level=1182,Z=8,stage=5,level=7",1.0042568763029174,2.3491764896353744,1.344919613332457,0.5725068419789983,False,global_level_derived,False,False
global_level_bilevg,"global_level=1183,Z=8,stage=5,level=8",1.0035631330504013,2.631535126165038,1.6279719931146366,0.6186396590066028,False,global_level_derived,False,False
global_level_bilevg,"global_level=1184,Z=8,stage=5,level=9",1.0018037662839812,1.0217544872499427,0.01995072096596151,0.01952594406476156,False,global_level_derived,False,False
global_level_bilevg,"global_level=1185,Z=8,stage=5,level=10",1.000454592173594,0.19189760858241928,0.8085569835911746,0.8081895869301761,False,global_level_derived,False,False
global_level_bilevg,"global_level=1186,Z=8,stage=5,level=11",0.9998750895538416,1.6746181418544095,0.6747430523005679,0.40292352951185795,False,global_level_derived,False,False
global_level_bilevg,"global_level=1187,Z=8,stage=5,level=12",1.0000615733439648,2.3766126826800855,1.3765511093361207,0.5792071713527153,False,global_level_derived,False,False
global_level_bilevg,"global_level=1189,Z=8,stage=5,level=14",1.0002714280992702,90.39520977561509,89.39493834751582,0.9889344642201483,False,global_level_derived,False,False
global_level_bilevg,"global_level=1190,Z=8,stage=5,level=15",1.000155324379081,62.25167520945965,61.25151988508057,0.9839336801617975,False,global_level_derived,False,False
global_level_bilevg,"global_level=1191,Z=8,stage=5,level=16",1.0002150854665726,89.92534776082957,88.92513267536299,0.9888772730895986,False,global_level_derived,False,False
global_level_bilevg,"global_level=1192,Z=8,stage=5,level=17",1.000246436410393,0.9782762464682488,0.02197018994214406,0.021964777021339837,False,global_level_derived,False,False
global_level_bilevg,"global_level=1193,Z=8,stage=5,level=18",1.0001600005979785,0.9764239186660221,0.02373608193195642,0.023732284752204673,False,global_level_derived,False,False
global_level_bilevg,"global_level=1194,Z=8,stage=5,level=19",1.0012623626156638,0.9955557788931192,0.0057065837225446225,0.005699389026904933,False,global_level_derived,False,False
global_level_bilevg,"global_level=1195,Z=8,stage=5,level=20",1.000103862335898,0.49321134700003877,0.5068925153358592,0.5068398737626439,False,global_level_derived,False,False
global_level_bilevg,"global_level=1196,Z=8,stage=5,level=21",1.00009522315529,44.187978031229704,43.18788280807441,0.9773672553550996,False,global_level_derived,False,False
global_level_bilevg,"global_level=1197,Z=8,stage=5,level=22",0.9988786039591901,0.0039228061275261,0.9949557978316641,0.9960727899146328,False,global_level_derived,False,False
global_level_bilevg,"global_level=1198,Z=8,stage=5,level=23",0.9989227670118029,0.0035480317118234098,0.9953747352999796,0.9964481421096878,False,global_level_derived,False,False
global_level_bilevg,"global_level=1199,Z=8,stage=5,level=24",0.9989998488587524,0.002669677475923096,0.9963301713828293,0.9973276497699446,False,global_level_derived,False,False
global_level_bilevg,"global_level=1200,Z=8,stage=5,level=25",0.9995587732434837,0.030591535987311014,0.9689672372561727,0.9693949602502672,False,global_level_derived,False,False
global_level_bilevg,"global_level=1201,Z=8,stage=5,level=26",0.9992242946357816,0.015387074968404961,0.9838372196673766,0.9846009799291223,False,global_level_derived,False,False
global_level_bilevg,"global_level=1202,Z=8,stage=5,level=27",0.9994703171668703,0.015764821432740998,0.9837054957341292,0.9842268237865948,False,global_level_derived,False,False
global_level_bilevg,"global_level=1203,Z=8,stage=5,level=28",0.9989941098705111,0.0051644038932519044,0.9938297059772592,0.9948303960531646,False,global_level_derived,False,False
global_level_bilevg,"global_level=1204,Z=8,stage=5,level=29",0.9988391280286661,0.0003915982213052851,0.9984475298073608,0.9996079466549551,False,global_level_derived,False,False
global_level_bilevg,"global_level=1205,Z=8,stage=5,level=30",0.998860130408103,0.0003790874237571217,0.9984810429843458,0.9996204799729045,False,global_level_derived,False,False
global_level_bilevg,"global_level=1206,Z=8,stage=5,level=31",0.9989065101147316,0.00036413319293556666,0.998542376921796,0.999635468195223,False,global_level_derived,False,False
global_level_bilevg,"global_level=1207,Z=8,stage=5,level=32",0.9989392436140506,3.7034260227678495e-05,0.9989022093538229,0.9999629264137289,False,global_level_derived,False,False
global_level_bilevg,"global_level=1208,Z=8,stage=5,level=33",0.9988467615798214,4.4425632643511324e-05,0.9988023359471779,0.9999555230748576,False,global_level_derived,False,False
global_level_bilevg,"global_level=1209,Z=8,stage=5,level=34",0.9987992598965073,4.9270237036651294e-05,0.9987499896594707,0.9999506705310918,False,global_level_derived,False,False
global_level_rnisg,"global_level=1228,Z=8,stage=5,level=53",0.007411642437357519,2.8290127027078155e-06,0.007408813424654811,0.999618301513245,False,global_level_primary,True,True
global_level_bilevg,"global_level=1228,Z=8,stage=5,level=53",1.0000945824104632,2619.7209045182376,2618.720809935827,0.9996182438439585,False,global_level_derived,True,False
global_level_rnisg,"global_level=1229,Z=8,stage=6,level=1",0.007411642437357519,2.8290127027078155e-06,0.007408813424654811,0.999618301513245,False,global_level_primary,True,True
global_level_bilevg,"global_level=1229,Z=8,stage=6,level=1",1.0000945824104632,2619.7209045182376,2618.720809935827,0.9996182438439585,False,global_level_derived,True,False
global_level_rnisg,"global_level=1230,Z=8,stage=6,level=2",2.1113622188784115e-11,4.6383517854101443e-07,4.6381406491882565e-07,0.9999544803344689,False,global_level_primary,True,True
global_level_bilevg,"global_level=1230,Z=8,stage=6,level=2",1.0668658808263234,4.855606953045387e-05,1.066817324756793,0.9999544871849375,False,global_level_derived,True,False
global_level_rnisg,"global_level=1231,Z=8,stage=6,level=3",9.284530846629001e-11,9.184477169367016e-07,9.183548716282353e-07,0.9998989106219611,False,global_level_primary,True,True
global_level_bilevg,"global_level=1231,Z=8,stage=6,level=3",1.129912258661529,0.00011420494758569262,1.1297980537139432,0.9998989258265761,False,global_level_derived,True,False
global_level_rnisg,"global_level=1232,Z=8,stage=6,level=4",4.470038399160359e-16,1.7240521318956066e-11,1.7240074315116148e-11,0.999974072487041,False,global_level_primary,False,True
global_level_bilevg,"global_level=1232,Z=8,stage=6,level=4",1.008934425091788,2.6158839468905724e-05,1.008908266252319,0.9999740728051115,False,global_level_derived,False,False
global_level_rnisg,"global_level=1233,Z=8,stage=6,level=5",2.47603695056174e-16,1.0570573163944095e-11,1.0570325560249039e-11,0.9999765761334587,False,global_level_primary,False,True
global_level_bilevg,"global_level=1233,Z=8,stage=6,level=5",1.0220966435457044,2.394125002366539e-05,1.0220727022956808,0.9999765763343664,False,global_level_derived,False,False
global_level_rnisg,"global_level=1234,Z=8,stage=6,level=6",6.862397127756556e-16,2.1079143300240502e-11,2.1078457060527727e-11,0.9999674446108648,False,global_level_primary,False,True
global_level_bilevg,"global_level=1234,Z=8,stage=6,level=6",1.037619748173028,3.3779774235149276e-05,1.037585968398793,0.9999674449389628,False,global_level_derived,False,False
global_level_rnisg,"global_level=1235,Z=8,stage=6,level=7",8.722820502197564e-17,1.8020752288615983e-11,1.802066506041096e-11,0.9999951595691664,False,global_level_primary,False,True
global_level_bilevg,"global_level=1235,Z=8,stage=6,level=7",1.0068981765203358,4.873770444405309e-06,1.0068933027498914,0.9999951596193558,False,global_level_derived,False,False
global_level_rnisg,"global_level=1236,Z=8,stage=6,level=8",1.5018911947848678e-16,2.7004947123234802e-11,2.7004796934115323e-11,0.9999944384590426,False,global_level_primary,False,True
global_level_bilevg,"global_level=1236,Z=8,stage=6,level=8",1.0116538132504838,5.626255062798577e-06,1.011648186995421,0.9999944385569559,False,global_level_derived,False,False
global_level_bilevg,"global_level=1237,Z=8,stage=6,level=9",1.0003667824740614,0.00026866916716964187,1.0000981133068918,0.9997314293398416,False,global_level_derived,False,False
global_level_bilevg,"global_level=1238,Z=8,stage=6,level=10",1.0016736573729805,0.0002787838362901341,1.0013948735366904,0.9997216819727283,False,global_level_derived,False,False
global_level_bilevg,"global_level=1239,Z=8,stage=6,level=11",1.0033870942974226,0.000308086381474029,1.0030790079159486,0.9996929536135905,False,global_level_derived,False,False
global_level_bilevg,"global_level=1240,Z=8,stage=6,level=12",1.000027383210895,7.11229874683918e-05,0.9999562602234267,0.9999288789600541,False,global_level_derived,False,False
global_level_bilevg,"global_level=1241,Z=8,stage=6,level=13",1.0001173547374957,0.00011786442545501475,0.9999994903120407,0.9998821494048706,False,global_level_derived,False,False
global_level_bilevg,"global_level=1242,Z=8,stage=6,level=14",1.0000915224904345,0.00017175739097228867,0.9999197650994622,0.9998282583272533,False,global_level_derived,False,False
global_level_bilevg,"global_level=1243,Z=8,stage=6,level=15",1.000207421852057,0.00020648195536690132,1.00000093989669,0.9997935608646209,False,global_level_derived,False,False
global_level_bilevg,"global_level=1244,Z=8,stage=6,level=16",0.9999136495980651,0.000906637471446632,0.9990070121266185,0.9990932842332825,False,global_level_derived,False,False
global_level_bilevg,"global_level=1245,Z=8,stage=6,level=17",1.0004116682275084,0.001038291721072115,0.9993733765064363,0.9989621355347528,False,global_level_derived,False,False
global_level_bilevg,"global_level=1246,Z=8,stage=6,level=18",1.0009734315916772,0.0011260523809391977,0.999847379210738,0.9988750426880475,False,global_level_derived,False,False
global_level_bilevg,"global_level=1247,Z=8,stage=6,level=19",0.9999131742267184,0.00031215087241044507,0.999601023354308,0.9996878220224953,False,global_level_derived,False,False
global_level_bilevg,"global_level=1248,Z=8,stage=6,level=20",0.9999132140204899,0.0004970679152179986,0.999416146105272,0.9995028889425119,False,global_level_derived,False,False
global_level_bilevg,"global_level=1249,Z=8,stage=6,level=21",0.999913767235716,0.00016130986831915727,0.9997524573673968,0.9998386762202853,False,global_level_derived,False,False
global_level_bilevg,"global_level=1250,Z=8,stage=6,level=22",0.999913719768862,0.0002838508439958503,0.9996298689248662,0.9997161246631745,False,global_level_derived,False,False
global_level_bilevg,"global_level=1251,Z=8,stage=6,level=23",0.9999138587906449,0.00010060625968719954,0.9998132525309577,0.9998993850732213,False,global_level_derived,False,False
global_level_bilevg,"global_level=1252,Z=8,stage=6,level=24",0.9999138007231881,0.00017702457623011413,0.999736776146958,0.9998229601630639,False,global_level_derived,False,False
global_level_bilevg,"global_level=1253,Z=8,stage=6,level=25",0.9999125419369657,0.00014285081610153902,0.9997696911208641,0.9998571366893501,False,global_level_derived,False,False
global_level_bilevg,"global_level=1254,Z=8,stage=6,level=26",0.9992306803021984,6.684702600552303e-06,0.9992239955995978,0.9999933101507666,False,global_level_derived,False,False
global_level_bilevg,"global_level=1256,Z=8,stage=6,level=28",0.9997443283318316,2.1180386706410373e-05,0.9997231479451252,0.9999788141966839,False,global_level_derived,False,False
global_level_bilevg,"global_level=1257,Z=8,stage=6,level=29",0.9997051398448187,0.0001842631706200379,0.9995208766741986,0.9998156824814879,False,global_level_derived,False,False
global_level_bilevg,"global_level=1258,Z=8,stage=6,level=30",1.0019348999054016,1.9758738852440618e-07,1.0019347023180132,0.9999998027941851,False,global_level_derived,False,False
global_level_bilevg,"global_level=1259,Z=8,stage=6,level=31",1.0036025919026672,1.845967062858176e-07,1.0036024073059608,0.999999816065933,False,global_level_derived,False,False
global_level_bilevg,"global_level=1260,Z=8,stage=6,level=32",0.9993140206118406,3.1907551375781185e-05,0.9992821130604648,0.9999680705456766,False,global_level_derived,False,False
global_level_bilevg,"global_level=1261,Z=8,stage=6,level=33",1.001429758535852,1.875368969758693e-06,1.0014278831668824,0.999998127308527,False,global_level_derived,False,False
global_level_bilevg,"global_level=1262,Z=8,stage=6,level=34",1.0003574426512465,9.148948567436717e-08,1.0003573511617607,0.9999999085432048,False,global_level_derived,False,False
global_level_bilevg,"global_level=1263,Z=8,stage=6,level=35",0.9992584658051357,8.944684003455238e-08,0.9992583763582956,0.9999999104867828,False,global_level_derived,False,False
global_level_bilevg,"global_level=1264,Z=8,stage=6,level=36",0.9992616429825405,8.995273869515868e-08,0.9992615530298018,0.999999909980795,False,global_level_derived,False,False
global_level_bilevg,"global_level=1265,Z=8,stage=6,level=37",0.9996621933104777,3.4116529462785728e-09,0.9996621898988247,0.9999999965871942,False,global_level_derived,False,False
global_level_bilevg,"global_level=1266,Z=8,stage=6,level=38",0.9996618786510011,3.4103873242222515e-09,0.9996618752406138,0.9999999965884592,False,global_level_derived,False,False
global_level_bilevg,"global_level=1267,Z=8,stage=6,level=39",0.9993837658603865,1.4773510627872554e-08,0.9993837510868758,0.9999999852173798,False,global_level_derived,False,False
global_level_bilevg,"global_level=1268,Z=8,stage=6,level=40",0.9993875581224269,1.4126635954257509e-08,0.9993875439957909,0.999999985864707,False,global_level_derived,False,False
global_level_bilevg,"global_level=1269,Z=8,stage=6,level=41",0.9992115085341847,1.9605289338665159e-07,0.9992113124812914,0.9999998037923986,False,global_level_derived,False,False
global_level_rnisg,"global_level=1271,Z=8,stage=6,level=43",0.2559252916660207,0.9999957885901238,0.7440704969241032,0.7440736305231394,False,global_level_primary,True,True
global_level_bilevg,"global_level=1271,Z=8,stage=6,level=43",0.999913432882144,0.2559046056587968,0.7440088272233472,0.7440732394991644,False,global_level_derived,True,False
global_level_rnisg,"global_level=1272,Z=8,stage=7,level=1",0.2559252916660207,0.9999957885901238,0.7440704969241032,0.7440736305231394,False,global_level_primary,True,True
global_level_bilevg,"global_level=1272,Z=8,stage=7,level=1",0.999913432882144,0.2559046056587968,0.7440088272233472,0.7440732394991644,False,global_level_derived,True,False
global_level_rnisg,"global_level=1273,Z=8,stage=7,level=2",3.0709848082997993e-07,1.3879227350955418e-14,3.070984669507526e-07,0.9999999548052881,False,global_level_primary,True,True
global_level_bilevg,"global_level=1273,Z=8,stage=7,level=2",0.9979777440733577,22082401.247424863,22082400.24944712,0.9999999548066475,False,global_level_derived,True,False
global_level_bilevg,"global_level=1274,Z=8,stage=7,level=3",0.9979161078725634,506.42601971283113,505.42810360495855,0.9980294928202179,False,global_level_derived,False,False
global_level_bilevg,"global_level=1275,Z=8,stage=7,level=4",0.9983960601019491,32.80354183950768,31.80514577940573,0.9695643822552262,False,global_level_derived,False,False
global_level_rnisg,"global_level=1276,Z=8,stage=7,level=5",1.038646208638561e-12,7.280577367679997e-15,1.031365631270881e-12,0.9929903201810911,False,global_level_primary,True,True
global_level_bilevg,"global_level=1276,Z=8,stage=7,level=5",0.9985183373934473,142.44840031759188,141.44988198019843,0.9929903155446658,False,global_level_derived,True,False
global_level_rnisg,"global_level=1277,Z=8,stage=7,level=6",3.1230262985100407e-12,1.3985301121304852e-15,3.1216277683979103e-12,0.9995521875327155,False,global_level_primary,True,True
global_level_bilevg,"global_level=1277,Z=8,stage=7,level=6",1.0210244526544472,2280.0221312307285,2279.0011067780742,0.9995521866043892,False,global_level_derived,True,False
global_level_bilevg,"global_level=1278,Z=8,stage=7,level=7",1.1133611846578286,0.12752337626377383,0.9858378083940548,0.8854609106002147,False,global_level_derived,False,False
global_level_bilevg,"global_level=1279,Z=8,stage=7,level=8",0.9943650142632136,12391.784573203451,12390.790208189188,0.9999197561087034,False,global_level_derived,False,False
global_level_bilevg,"global_level=1280,Z=8,stage=7,level=9",0.9982432470148377,129540.15437436668,129539.15613111967,0.9999922939473723,False,global_level_derived,False,False
global_level_bilevg,"global_level=1281,Z=8,stage=7,level=10",0.9978609429581375,177625.3074032251,177624.30954228214,0.9999943822141251,False,global_level_derived,False,False
global_level_bilevg,"global_level=1282,Z=8,stage=7,level=11",0.9972711128553451,418059.3210639523,418058.3237928394,0.9999976145224789,False,global_level_derived,False,False
global_level_bilevg,"global_level=1283,Z=8,stage=7,level=12",1.0010670336080363,145620.64485127124,145619.64378423762,0.9999931255143483,False,global_level_derived,False,False
global_level_bilevg,"global_level=1284,Z=8,stage=7,level=13",0.9963302488617117,8813.32485711259,8812.328526863728,0.9998869518297562,False,global_level_derived,False,False
global_level_bilevg,"global_level=1285,Z=8,stage=7,level=14",0.9972733233468152,7122.045094922005,7121.047821598658,0.9998599737420846,False,global_level_derived,False,False
global_level_bilevg,"global_level=1286,Z=8,stage=7,level=15",0.9978325738508115,6395.845943802537,6394.848111228685,0.9998439873970357,False,global_level_derived,False,False
global_level_bilevg,"global_level=1287,Z=8,stage=7,level=16",0.9964081466624185,24548.799426447014,24547.80301830035,0.9999594111251897,False,global_level_derived,False,False
global_level_bilevg,"global_level=1288,Z=8,stage=7,level=17",1.1301404072499732,13839.8253901501,13838.69524974285,0.999918341425893,False,global_level_derived,False,False
global_level_bilevg,"global_level=1289,Z=8,stage=7,level=18",0.993939155723041,36679154.04943487,36679153.05549572,0.9999999729017972,False,global_level_derived,False,False
global_level_bilevg,"global_level=1290,Z=8,stage=7,level=19",0.9931444318173831,29156471.269645374,29156470.276500944,0.999999965937427,False,global_level_derived,False,False
global_level_bilevg,"global_level=1291,Z=8,stage=7,level=20",0.9962738464165161,10743571.15745885,10743570.161185002,0.9999999072679063,False,global_level_derived,False,False
global_level_bilevg,"global_level=1292,Z=8,stage=7,level=21",0.9951706175701674,13812389.031297402,13812388.036126785,0.9999999279508697,False,global_level_derived,False,False
global_level_bilevg,"global_level=1293,Z=8,stage=7,level=22",1.0001508704283895,41332644.21043868,41332643.21028782,0.9999999758023982,False,global_level_derived,False,False
global_level_bilevg,"global_level=1294,Z=8,stage=7,level=23",0.9921793874216334,9772888.121995063,9772887.129815675,0.9999998984763382,False,global_level_derived,False,False
global_level_bilevg,"global_level=1295,Z=8,stage=7,level=24",0.9926604467643781,6255020.705883062,6255019.713222615,0.9999998413018127,False,global_level_derived,False,False
global_level_bilevg,"global_level=1296,Z=8,stage=7,level=25",0.9930684462709437,4776846.566749572,4776845.573681125,0.9999997921079455,False,global_level_derived,False,False
global_level_bilevg,"global_level=1297,Z=8,stage=7,level=26",0.9999835648869055,595100.1650752798,595099.1650917149,0.9999983196382332,False,global_level_derived,False,False
global_level_bilevg,"global_level=1298,Z=8,stage=7,level=27",0.998413947760453,3458227.726441532,3458226.728027584,0.9999997112931748,False,global_level_derived,False,False
global_level_bilevg,"global_level=1299,Z=8,stage=7,level=28",0.9999717810439349,1766087.6655169951,1766086.665545214,0.9999994337926703,False,global_level_derived,False,False
global_level_bilevg,"global_level=1300,Z=8,stage=7,level=29",1.0326590824528339,862477.6839008003,862476.6512417179,0.9999988026831282,False,global_level_derived,False,False
global_level_bilevg,"global_level=1301,Z=8,stage=7,level=30",1.0000135079270989,3303996310.968082,3303996309.9680686,0.9999999996973322,False,global_level_derived,False,False
global_level_bilevg,"global_level=1302,Z=8,stage=7,level=31",1.0000139684982605,2732886817.579655,2732886816.5796413,0.9999999996340815,False,global_level_derived,False,False
global_level_bilevg,"global_level=1303,Z=8,stage=7,level=32",1.0000145739662398,33020758.465445824,33020757.46543125,0.9999999697155784,False,global_level_derived,False,False
global_level_bilevg,"global_level=1304,Z=8,stage=7,level=33",1.000015456022728,33047856.88250028,33047855.882484823,0.9999999697403841,False,global_level_derived,False,False
global_level_bilevg,"global_level=1305,Z=8,stage=7,level=34",1.0000149515357397,9245619.895822622,9245618.89580767,0.9999998918390587,False,global_level_derived,False,False
global_level_bilevg,"global_level=1306,Z=8,stage=7,level=35",1.000014405239767,10243199.051491829,10243198.051477423,0.9999999023728426,False,global_level_derived,False,False
global_level_bilevg,"global_level=1307,Z=8,stage=7,level=36",1.0000144075601958,10241236.079349402,10241235.079334995,0.9999999023541299,False,global_level_derived,False,False
global_level_bilevg,"global_level=1308,Z=8,stage=7,level=37",1.0000144076077464,10221444.382663026,10221443.382648619,0.9999999021650591,False,global_level_derived,False,False
global_level_bilevg,"global_level=1309,Z=8,stage=7,level=38",1.0000149507304688,27193851.782856893,27193850.782841943,0.9999999632264323,False,global_level_derived,False,False
global_level_bilevg,"global_level=1310,Z=8,stage=7,level=39",1.000014502004905,32598348.386937823,32598347.38692332,0.9999999693231544,False,global_level_derived,False,False
global_level_bilevg,"global_level=1311,Z=8,stage=7,level=40",1.0173905714057219,6784415.684588746,6784414.667198175,0.9999998500400596,False,global_level_derived,False,False
global_level_bilevg,"global_level=1312,Z=8,stage=7,level=41",0.9913264622576083,2.2378147763811103,1.246488314123502,0.5570113877517892,False,global_level_derived,False,False
global_level_bilevg,"global_level=1313,Z=8,stage=7,level=42",1.0000145423697895,347459664.6671311,347459663.6671166,0.9999999971219262,False,global_level_derived,False,False
global_level_bilevg,"global_level=1314,Z=8,stage=7,level=43",0.9913264623816307,5.060089207402254,4.068762745020623,0.8040891332644,False,global_level_derived,False,False
global_level_bilevg,"global_level=1315,Z=8,stage=7,level=44",0.9992948331846413,9.238324523123638e-09,0.9992948239463167,0.9999999907551563,False,global_level_derived,False,False
global_level_rnisg,"global_level=1512,Z=8,stage=7,level=241",0.5005352085833912,1.4905211455975902e-11,0.500535208568486,0.9999999999702215,False,global_level_primary,True,True
global_level_bilevg,"global_level=1512,Z=8,stage=7,level=241",1.0000145659904438,33581753391.059174,33581753390.05916,0.9999999999702215,False,global_level_derived,True,False
global_level_rnisg,"global_level=1513,Z=8,stage=8,level=1",0.5005352085833912,1.4905211455975902e-11,0.500535208568486,0.9999999999702215,False,global_level_primary,True,True
global_level_bilevg,"global_level=1513,Z=8,stage=8,level=1",1.0000145659904438,33581753391.059174,33581753390.05916,0.9999999999702215,False,global_level_derived,True,False
global_level_bilevg,"global_level=1514,Z=8,stage=8,level=2",1.124430167540594,11258366.293624658,11258365.16919449,0.9999999001249259,False,global_level_derived,False,False
global_level_bilevg,"global_level=1515,Z=8,stage=8,level=3",1.118204704614939,15933855.212112062,15933854.093907356,0.999999929822087,False,global_level_derived,False,False
global_level_rnisg,"global_level=1516,Z=8,stage=8,level=4",6.581171302540283e-10,2.3301312652983578e-23,6.581171302540051e-10,0.9999999999999647,False,global_level_primary,True,True
global_level_bilevg,"global_level=1516,Z=8,stage=8,level=4",1.0026448542899447,28318511157226.242,28318511157225.24,0.9999999999999646,False,global_level_derived,True,False
global_level_bilevg,"global_level=1517,Z=8,stage=8,level=5",1.0090112266836635,103684001317781.55,103684001317780.53,0.9999999999999902,False,global_level_derived,False,False
global_level_bilevg,"global_level=1518,Z=8,stage=8,level=6",1.0318612415816475,92243978323250.9,92243978323249.88,0.9999999999999888,False,global_level_derived,False,False
global_level_bilevg,"global_level=1519,Z=8,stage=8,level=7",0.995303062898293,518376707632394.1,518376707632393.1,0.9999999999999981,False,global_level_derived,False,False
global_level_bilevg,"global_level=1520,Z=8,stage=8,level=8",1.0019871242986411,204797878498457.22,204797878498456.22,0.9999999999999951,False,global_level_derived,False,False
global_level_bilevg,"global_level=1521,Z=8,stage=8,level=9",1.001865353932333,146126609628684.16,146126609628683.16,0.9999999999999931,False,global_level_derived,False,False
global_level_bilevg,"global_level=1522,Z=8,stage=8,level=10",0.9874646228120906,4.023986617689486e+16,4.023986617689486e+16,1.0,False,global_level_derived,False,False
global_level_bilevg,"global_level=1523,Z=8,stage=8,level=11",1.0036570483552376,3.387158613714717e+16,3.387158613714717e+16,1.0,False,global_level_derived,False,False
global_level_bilevg,"global_level=1524,Z=8,stage=8,level=12",0.9957880141590087,1.8790178993265456e+17,1.8790178993265456e+17,1.0,False,global_level_derived,False,False
global_level_bilevg,"global_level=1525,Z=8,stage=8,level=13",0.9823134950592746,7.470515232906149e+16,7.470515232906149e+16,1.0,False,global_level_derived,False,False
global_level_bilevg,"global_level=1526,Z=8,stage=8,level=14",0.9847173622309742,5.781790937460097e+16,5.781790937460097e+16,1.0,False,global_level_derived,False,False
global_level_bilevg,"global_level=1527,Z=8,stage=8,level=15",0.9968654990556917,2.129245035758454e+17,2.129245035758454e+17,1.0,False,global_level_derived,False,False
global_level_bilevg,"global_level=1528,Z=8,stage=8,level=16",0.9969775871731128,1.656196340679965e+17,1.656196340679965e+17,1.0,False,global_level_derived,False,False
global_level_bilevg,"global_level=1529,Z=8,stage=8,level=17",0.9824538143317262,6.748127252838732e+17,6.748127252838732e+17,1.0,False,global_level_derived,False,False
global_level_bilevg,"global_level=1530,Z=8,stage=8,level=18",0.9951873018899509,5.751501156137806e+17,5.751501156137806e+17,1.0,False,global_level_derived,False,False
global_level_bilevg,"global_level=1531,Z=8,stage=8,level=19",0.9967969355725295,3.0521395306531533e+18,3.0521395306531533e+18,1.0,False,global_level_derived,False,False
global_level_bilevg,"global_level=1532,Z=8,stage=8,level=20",0.9734095894175775,1.1533160051230592e+18,1.1533160051230592e+18,1.0,False,global_level_derived,False,False
global_level_bilevg,"global_level=1533,Z=8,stage=8,level=21",0.9784491375003246,9.544005816098049e+17,9.544005816098049e+17,1.0,False,global_level_derived,False,False
global_level_bilevg,"global_level=1534,Z=8,stage=8,level=22",0.9697382477244381,3.0113941333748065e+18,3.0113941333748065e+18,1.0,False,global_level_derived,False,False
global_level_bilevg,"global_level=1535,Z=8,stage=8,level=23",0.9720840858036579,2.45553261449929e+18,2.45553261449929e+18,1.0,False,global_level_derived,False,False
global_level_bilevg,"global_level=1536,Z=8,stage=8,level=24",0.9779297622670426,5.321348113778185e+18,5.321348113778185e+18,1.0,False,global_level_derived,False,False
global_level_bilevg,"global_level=1537,Z=8,stage=8,level=25",0.9784214810049449,4.357828701476933e+18,4.357828701476933e+18,1.0,False,global_level_derived,False,False
global_level_bilevg,"global_level=1538,Z=8,stage=8,level=26",0.9974738567465901,1.1299598675878558e+19,1.1299598675878558e+19,1.0,False,global_level_derived,False,False
global_level_bilevg,"global_level=1539,Z=8,stage=8,level=27",0.9982022120754844,2.1724461344684347e+18,2.1724461344684347e+18,1.0,False,global_level_derived,False,False
global_level_bilevg,"global_level=1540,Z=8,stage=8,level=28",0.9845607104435401,3.2670320677195423e+18,3.2670320677195423e+18,1.0,False,global_level_derived,False,False
global_level_bilevg,"global_level=1541,Z=8,stage=8,level=29",0.971830095561937,7.318142860153728e+18,7.318142860153728e+18,1.0,False,global_level_derived,False,False
global_level_bilevg,"global_level=1542,Z=8,stage=8,level=30",0.9571793926369471,1.276573808769898e+19,1.276573808769898e+19,1.0,False,global_level_derived,False,False
global_level_bilevg,"global_level=1543,Z=8,stage=8,level=31",0.9456377649667131,1.6810231267312466e+19,1.6810231267312466e+19,1.0,False,global_level_derived,False,False
global_level_rnisg,"global_level=1544,Z=8,stage=8,level=32",2.620771486684862e-12,1.6293146145872122e-37,2.620771486684862e-12,1.0,False,global_level_primary,True,True
global_level_bilevg,"global_level=1544,Z=8,stage=8,level=32",1.000058668952305,9.968110998452237e+24,9.968110998452237e+24,1.0,False,global_level_derived,True,False
global_level_bilevg,"global_level=1545,Z=8,stage=8,level=33",2.3545750910270884e+47,4.239306461903795e+21,2.3545750910270884e+47,1.0,False,global_level_derived,True,False
