element_z,record,data_type,rate_type,ion_stage,python_nlev,xstar_nlev,python_idest1,xstar_idest1,python_idest2,xstar_idest2,python_leveltemp_e1_ev,xstar_leveltemp_e1_ev,python_leveltemp_e2_ev,xstar_leveltemp_e2_ev,python_leveltemp_e2_owner_phase,comparison_status,within_tolerance
8,21523,53,7,7,241,241,8,8,243,243,661.9295043945312,661.9295043945312,nan,0.0,,leveltemp_energy_difference,False
8,21524,53,7,7,241,241,18,18,243,243,696.337646484375,696.337646484375,nan,0.0,,leveltemp_energy_difference,False
8,21525,53,7,7,241,241,12,12,243,243,664.1116333007812,664.1116333007812,nan,0.0,,leveltemp_energy_difference,False
8,21526,53,7,7,241,241,42,42,243,243,711.9929809570312,711.9929809570312,nan,0.0,,leveltemp_energy_difference,False
8,21527,53,7,7,241,241,2,2,243,243,560.9840698242188,560.9840698242188,nan,0.0,,leveltemp_energy_difference,False
8,21528,53,7,7,241,241,22,22,243,243,697.17578125,697.17578125,nan,0.0,,leveltemp_energy_difference,False
8,21529,53,7,7,241,241,17,17,246,246,665.6156005859375,665.6156005859375,nan,0.0,,leveltemp_energy_difference,False
8,21530,53,7,7,241,241,40,40,246,246,712.7172241210938,712.7172241210938,nan,0.0,,leveltemp_energy_difference,False
8,21531,53,7,7,241,241,38,38,245,245,712.6390991210938,712.6390991210938,nan,0.0,,leveltemp_energy_difference,False
8,21532,53,7,7,241,241,26,26,245,245,697.5613403320312,697.5613403320312,nan,0.0,,leveltemp_energy_difference,False
8,21533,53,7,7,241,241,35,35,246,246,712.5870361328125,712.5870361328125,nan,0.0,,leveltemp_energy_difference,False
8,21534,53,7,7,241,241,36,36,246,246,712.5894775390625,712.5894775390625,nan,0.0,,leveltemp_energy_difference,False
8,21535,53,7,7,241,241,37,37,246,246,712.6143188476562,712.6143188476562,nan,0.0,,leveltemp_energy_difference,False
8,21536,53,7,7,241,241,7,7,246,246,573.9479370117188,573.9479370117188,nan,0.0,,leveltemp_energy_difference,False
8,21537,53,7,7,241,241,30,30,243,243,711.9931030273438,711.9931030273438,nan,0.0,,leveltemp_energy_difference,False
8,21538,53,7,7,241,241,23,23,246,246,697.5303955078125,697.5303955078125,nan,0.0,,leveltemp_energy_difference,False
8,21539,53,7,7,241,241,24,24,246,246,697.5353393554688,697.5353393554688,nan,0.0,,leveltemp_energy_difference,False
8,21540,53,7,7,241,241,25,25,246,246,697.5972900390625,697.5972900390625,nan,0.0,,leveltemp_energy_difference,False
8,21541,53,7,7,241,241,27,27,246,246,697.618408203125,697.618408203125,nan,0.0,,leveltemp_energy_difference,False
8,21542,53,7,7,241,241,28,28,246,246,697.6394653320312,697.6394653320312,nan,0.0,,leveltemp_energy_difference,False
8,21543,53,7,7,241,241,9,9,246,246,664.0186767578125,664.0186767578125,nan,0.0,,leveltemp_energy_difference,False
8,21544,53,7,7,241,241,10,10,246,246,664.0186767578125,664.0186767578125,nan,0.0,,leveltemp_energy_difference,False
8,21545,53,7,7,241,241,11,11,246,246,664.0186767578125,664.0186767578125,nan,0.0,,leveltemp_energy_difference,False
8,21546,53,7,7,241,241,19,19,246,246,697.11376953125,697.11376953125,nan,0.0,,leveltemp_energy_difference,False
8,21547,53,7,7,241,241,20,20,246,246,697.11376953125,697.11376953125,nan,0.0,,leveltemp_energy_difference,False
8,21548,53,7,7,241,241,21,21,246,246,697.11376953125,697.11376953125,nan,0.0,,leveltemp_energy_difference,False
8,21549,53,7,7,241,241,31,31,246,246,712.343994140625,712.343994140625,nan,0.0,,leveltemp_energy_difference,False
8,21550,53,7,7,241,241,32,32,246,246,712.343994140625,712.343994140625,nan,0.0,,leveltemp_energy_difference,False
8,21551,53,7,7,241,241,33,33,246,246,712.343994140625,712.343994140625,nan,0.0,,leveltemp_energy_difference,False
8,21552,53,7,7,241,241,34,34,245,245,712.5621948242188,712.5621948242188,nan,0.0,,leveltemp_energy_difference,False
8,21553,53,7,7,241,241,34,34,246,246,712.5621948242188,712.5621948242188,nan,0.0,,leveltemp_energy_difference,False
8,21554,53,7,7,241,241,30,30,246,246,711.9931030273438,711.9931030273438,nan,0.0,,leveltemp_energy_difference,False
8,21555,53,7,7,241,241,39,39,246,246,712.68994140625,712.68994140625,nan,0.0,,leveltemp_energy_difference,False
8,21556,53,7,7,241,241,26,26,246,246,697.5613403320312,697.5613403320312,nan,0.0,,leveltemp_energy_difference,False
8,21557,53,7,7,241,241,8,8,246,246,661.9295043945312,661.9295043945312,nan,0.0,,leveltemp_energy_difference,False
8,21558,53,7,7,241,241,42,42,246,246,711.9929809570312,711.9929809570312,nan,0.0,,leveltemp_energy_difference,False
8,21559,53,7,7,241,241,16,16,246,246,665.2337036132812,665.2337036132812,nan,0.0,,leveltemp_energy_difference,False
8,21560,53,7,7,241,241,38,38,246,246,712.6390991210938,712.6390991210938,nan,0.0,,leveltemp_energy_difference,False
8,21561,53,7,7,241,241,18,18,246,246,696.337646484375,696.337646484375,nan,0.0,,leveltemp_energy_difference,False
8,21562,53,7,7,241,241,6,6,246,246,568.8867797851562,568.8867797851562,nan,0.0,,leveltemp_energy_difference,False
8,21563,53,7,7,241,241,2,2,246,246,560.9840698242188,560.9840698242188,nan,0.0,,leveltemp_energy_difference,False
8,21564,53,7,7,241,241,13,13,246,246,665.0973510742188,665.0973510742188,nan,0.0,,leveltemp_energy_difference,False
8,21565,53,7,7,241,241,14,14,246,246,665.1047973632812,665.1047973632812,nan,0.0,,leveltemp_energy_difference,False
8,21566,53,7,7,241,241,15,15,246,246,665.1060180664062,665.1060180664062,nan,0.0,,leveltemp_energy_difference,False
8,21567,53,7,7,241,241,22,22,246,246,697.17578125,697.17578125,nan,0.0,,leveltemp_energy_difference,False
8,21568,53,7,7,241,241,12,12,246,246,664.1116333007812,664.1116333007812,nan,0.0,,leveltemp_energy_difference,False
8,21569,53,7,7,241,241,16,16,243,243,665.2337036132812,665.2337036132812,nan,0.0,,leveltemp_energy_difference,False
8,21570,53,7,7,241,241,3,3,246,246,568.5446166992188,568.5446166992188,nan,0.0,,leveltemp_energy_difference,False
8,21571,53,7,7,241,241,4,4,246,246,568.5520629882812,568.5520629882812,nan,0.0,,leveltemp_energy_difference,False
8,21572,53,7,7,241,241,5,5,246,246,568.6202392578125,568.6202392578125,nan,0.0,,leveltemp_energy_difference,False
8,21573,53,7,7,241,241,27,27,243,243,697.618408203125,697.618408203125,nan,0.0,,leveltemp_energy_difference,False
8,21574,53,7,7,241,241,34,34,243,243,712.5621948242188,712.5621948242188,nan,0.0,,leveltemp_energy_difference,False
8,21575,53,7,7,241,241,26,26,243,243,697.5613403320312,697.5613403320312,nan,0.0,,leveltemp_energy_difference,False
8,21576,53,7,7,241,241,27,27,244,244,697.618408203125,697.618408203125,nan,0.0,,leveltemp_energy_difference,False
8,21577,53,7,7,241,241,42,42,244,244,711.9929809570312,711.9929809570312,nan,0.0,,leveltemp_energy_difference,False
8,21578,53,7,7,241,241,39,39,244,244,712.68994140625,712.68994140625,nan,0.0,,leveltemp_energy_difference,False
8,21579,53,7,7,241,241,12,12,244,244,664.1116333007812,664.1116333007812,nan,0.0,,leveltemp_energy_difference,False
8,21580,53,7,7,241,241,6,6,244,244,568.8867797851562,568.8867797851562,nan,0.0,,leveltemp_energy_difference,False
8,21581,53,7,7,241,241,18,18,244,244,696.337646484375,696.337646484375,nan,0.0,,leveltemp_energy_difference,False
8,21582,53,7,7,241,241,16,16,244,244,665.2337036132812,665.2337036132812,nan,0.0,,leveltemp_energy_difference,False
8,21583,53,7,7,241,241,30,30,244,244,711.9931030273438,711.9931030273438,nan,0.0,,leveltemp_energy_difference,False
8,21584,53,7,7,241,241,40,40,244,244,712.7172241210938,712.7172241210938,nan,0.0,,leveltemp_energy_difference,False
8,21585,53,7,7,241,241,17,17,244,244,665.6156005859375,665.6156005859375,nan,0.0,,leveltemp_energy_difference,False
8,21586,53,7,7,241,241,19,19,244,244,697.11376953125,697.11376953125,nan,0.0,,leveltemp_energy_difference,False
8,21587,53,7,7,241,241,20,20,244,244,697.11376953125,697.11376953125,nan,0.0,,leveltemp_energy_difference,False
8,21588,53,7,7,241,241,21,21,244,244,697.11376953125,697.11376953125,nan,0.0,,leveltemp_energy_difference,False
8,21589,53,7,7,241,241,9,9,244,244,664.0186767578125,664.0186767578125,nan,0.0,,leveltemp_energy_difference,False
8,21590,53,7,7,241,241,10,10,244,244,664.0186767578125,664.0186767578125,nan,0.0,,leveltemp_energy_difference,False
8,21591,53,7,7,241,241,11,11,244,244,664.0186767578125,664.0186767578125,nan,0.0,,leveltemp_energy_difference,False
8,21592,53,7,7,241,241,3,3,244,244,568.5446166992188,568.5446166992188,nan,0.0,,leveltemp_energy_difference,False
8,21593,53,7,7,241,241,4,4,244,244,568.5520629882812,568.5520629882812,nan,0.0,,leveltemp_energy_difference,False
8,21594,53,7,7,241,241,5,5,244,244,568.6202392578125,568.6202392578125,nan,0.0,,leveltemp_energy_difference,False
8,21595,53,7,7,241,241,8,8,244,244,661.9295043945312,661.9295043945312,nan,0.0,,leveltemp_energy_difference,False
8,21596,53,7,7,241,241,34,34,242,242,712.5621948242188,712.5621948242188,nan,0.0,,leveltemp_energy_difference,False
8,21597,53,7,7,241,241,23,23,245,245,697.5303955078125,697.5303955078125,nan,0.0,,leveltemp_energy_difference,False
8,21598,53,7,7,241,241,24,24,245,245,697.5353393554688,697.5353393554688,nan,0.0,,leveltemp_energy_difference,False
8,21599,53,7,7,241,241,25,25,245,245,697.5972900390625,697.5972900390625,nan,0.0,,leveltemp_energy_difference,False
8,21600,53,7,7,241,241,7,7,245,245,573.9479370117188,573.9479370117188,nan,0.0,,leveltemp_energy_difference,False
8,21601,53,7,7,241,241,31,31,245,245,712.343994140625,712.343994140625,nan,0.0,,leveltemp_energy_difference,False
8,21602,53,7,7,241,241,32,32,245,245,712.343994140625,712.343994140625,nan,0.0,,leveltemp_energy_difference,False
8,21603,53,7,7,241,241,33,33,245,245,712.343994140625,712.343994140625,nan,0.0,,leveltemp_energy_difference,False
8,21604,53,7,7,241,241,19,19,245,245,697.11376953125,697.11376953125,nan,0.0,,leveltemp_energy_difference,False
8,21605,53,7,7,241,241,20,20,245,245,697.11376953125,697.11376953125,nan,0.0,,leveltemp_energy_difference,False
8,21606,53,7,7,241,241,21,21,245,245,697.11376953125,697.11376953125,nan,0.0,,leveltemp_energy_difference,False
8,21607,53,7,7,241,241,9,9,245,245,664.0186767578125,664.0186767578125,nan,0.0,,leveltemp_energy_difference,False
8,21608,53,7,7,241,241,10,10,245,245,664.0186767578125,664.0186767578125,nan,0.0,,leveltemp_energy_difference,False
8,21609,53,7,7,241,241,11,11,245,245,664.0186767578125,664.0186767578125,nan,0.0,,leveltemp_energy_difference,False
8,21610,53,7,7,241,241,28,28,244,244,697.6394653320312,697.6394653320312,nan,0.0,,leveltemp_energy_difference,False
8,21611,53,7,7,241,241,40,40,245,245,712.7172241210938,712.7172241210938,nan,0.0,,leveltemp_energy_difference,False
8,21612,53,7,7,241,241,13,13,244,244,665.0973510742188,665.0973510742188,nan,0.0,,leveltemp_energy_difference,False
8,21613,53,7,7,241,241,14,14,244,244,665.1047973632812,665.1047973632812,nan,0.0,,leveltemp_energy_difference,False
8,21614,53,7,7,241,241,15,15,244,244,665.1060180664062,665.1060180664062,nan,0.0,,leveltemp_energy_difference,False
8,21615,53,7,7,241,241,17,17,245,245,665.6156005859375,665.6156005859375,nan,0.0,,leveltemp_energy_difference,False
8,21616,53,7,7,241,241,22,22,244,244,697.17578125,697.17578125,nan,0.0,,leveltemp_energy_difference,False
8,21617,53,7,7,241,241,35,35,245,245,712.5870361328125,712.5870361328125,nan,0.0,,leveltemp_energy_difference,False
8,21618,53,7,7,241,241,36,36,245,245,712.5894775390625,712.5894775390625,nan,0.0,,leveltemp_energy_difference,False
8,21619,53,7,7,241,241,37,37,245,245,712.6143188476562,712.6143188476562,nan,0.0,,leveltemp_energy_difference,False
8,21620,53,7,7,241,241,34,34,244,244,712.5621948242188,712.5621948242188,nan,0.0,,leveltemp_energy_difference,False
8,21624,53,7,7,241,241,38,38,244,244,712.6390991210938,712.6390991210938,nan,0.0,,leveltemp_energy_difference,False
8,21625,53,7,7,241,241,2,2,244,244,560.9840698242188,560.9840698242188,nan,0.0,,leveltemp_energy_difference,False
8,21626,53,7,7,241,241,31,31,244,244,712.343994140625,712.343994140625,nan,0.0,,leveltemp_energy_difference,False
8,21627,53,7,7,241,241,32,32,244,244,712.343994140625,712.343994140625,nan,0.0,,leveltemp_energy_difference,False
8,21628,53,7,7,241,241,33,33,244,244,712.343994140625,712.343994140625,nan,0.0,,leveltemp_energy_difference,False
8,21629,53,7,7,241,241,3,3,245,245,568.5446166992188,568.5446166992188,nan,0.0,,leveltemp_energy_difference,False
8,21630,53,7,7,241,241,4,4,245,245,568.5520629882812,568.5520629882812,nan,0.0,,leveltemp_energy_difference,False
8,21631,53,7,7,241,241,5,5,245,245,568.6202392578125,568.6202392578125,nan,0.0,,leveltemp_energy_difference,False
8,21641,53,7,7,241,241,1,1,243,243,0.0,0.0,nan,0.0,,leveltemp_energy_difference,False
8,21645,53,7,7,241,241,1,1,244,244,0.0,0.0,nan,0.0,,leveltemp_energy_difference,False
8,21651,53,7,7,241,241,1,1,242,242,0.0,0.0,nan,0.0,,leveltemp_energy_difference,False
8,21656,53,7,7,241,241,29,29,244,244,697.7957153320312,697.7957153320312,nan,0.0,,leveltemp_energy_difference,False
8,21659,53,7,7,241,241,35,35,244,244,712.5870361328125,712.5870361328125,nan,0.0,,leveltemp_energy_difference,False
8,21660,53,7,7,241,241,36,36,244,244,712.5894775390625,712.5894775390625,nan,0.0,,leveltemp_energy_difference,False
8,21661,53,7,7,241,241,37,37,244,244,712.6143188476562,712.6143188476562,nan,0.0,,leveltemp_energy_difference,False
8,21662,53,7,7,241,241,23,23,244,244,697.5303955078125,697.5303955078125,nan,0.0,,leveltemp_energy_difference,False
8,21663,53,7,7,241,241,24,24,244,244,697.5353393554688,697.5353393554688,nan,0.0,,leveltemp_energy_difference,False
8,21664,53,7,7,241,241,25,25,244,244,697.5972900390625,697.5972900390625,nan,0.0,,leveltemp_energy_difference,False
8,21666,53,7,7,241,241,28,28,245,245,697.6394653320312,697.6394653320312,nan,0.0,,leveltemp_energy_difference,False
8,21670,53,7,7,241,241,7,7,244,244,573.9479370117188,573.9479370117188,nan,0.0,,leveltemp_energy_difference,False
8,21671,53,7,7,241,241,1,1,246,246,0.0,0.0,nan,0.0,,leveltemp_energy_difference,False
8,21672,53,7,7,241,241,1,1,245,245,0.0,0.0,nan,0.0,,leveltemp_energy_difference,False
8,21678,53,7,7,241,241,29,29,245,245,697.7957153320312,697.7957153320312,nan,0.0,,leveltemp_energy_difference,False
8,21679,53,7,7,241,241,6,6,243,243,568.8867797851562,568.8867797851562,nan,0.0,,leveltemp_energy_difference,False
8,21680,53,7,7,241,241,26,26,244,244,697.5613403320312,697.5613403320312,nan,0.0,,leveltemp_energy_difference,False
8,21681,53,7,7,241,241,12,12,242,242,664.1116333007812,664.1116333007812,nan,0.0,,leveltemp_energy_difference,False
8,21683,53,7,7,241,241,6,6,242,242,568.8867797851562,568.8867797851562,nan,0.0,,leveltemp_energy_difference,False
8,21684,53,7,7,241,241,8,8,242,242,661.9295043945312,661.9295043945312,nan,0.0,,leveltemp_energy_difference,False
8,21685,53,7,7,241,241,2,2,242,242,560.9840698242188,560.9840698242188,nan,0.0,,leveltemp_energy_difference,False
8,21686,53,7,7,241,241,42,42,242,242,711.9929809570312,711.9929809570312,nan,0.0,,leveltemp_energy_difference,False
8,21687,53,7,7,241,241,30,30,242,242,711.9931030273438,711.9931030273438,nan,0.0,,leveltemp_energy_difference,False
8,21688,53,7,7,241,241,31,31,242,242,712.343994140625,712.343994140625,nan,0.0,,leveltemp_energy_difference,False
8,21689,53,7,7,241,241,32,32,242,242,712.343994140625,712.343994140625,nan,0.0,,leveltemp_energy_difference,False
8,21690,53,7,7,241,241,33,33,242,242,712.343994140625,712.343994140625,nan,0.0,,leveltemp_energy_difference,False
8,21691,53,7,7,241,241,16,16,242,242,665.2337036132812,665.2337036132812,nan,0.0,,leveltemp_energy_difference,False
8,21692,53,7,7,241,241,31,31,243,243,712.343994140625,712.343994140625,nan,0.0,,leveltemp_energy_difference,False
8,21693,53,7,7,241,241,32,32,243,243,712.343994140625,712.343994140625,nan,0.0,,leveltemp_energy_difference,False
8,21694,53,7,7,241,241,33,33,243,243,712.343994140625,712.343994140625,nan,0.0,,leveltemp_energy_difference,False
8,21697,53,7,7,241,241,18,18,242,242,696.337646484375,696.337646484375,nan,0.0,,leveltemp_energy_difference,False
8,21698,53,7,7,241,241,38,38,243,243,712.6390991210938,712.6390991210938,nan,0.0,,leveltemp_energy_difference,False
8,21699,53,7,7,241,241,17,17,242,242,665.6156005859375,665.6156005859375,nan,0.0,,leveltemp_energy_difference,False
8,21700,53,7,7,241,241,22,22,242,242,697.17578125,697.17578125,nan,0.0,,leveltemp_energy_difference,False
8,21701,53,7,7,241,241,3,3,242,242,568.5446166992188,568.5446166992188,nan,0.0,,leveltemp_energy_difference,False
8,21702,53,7,7,241,241,4,4,242,242,568.5520629882812,568.5520629882812,nan,0.0,,leveltemp_energy_difference,False
8,21703,53,7,7,241,241,5,5,242,242,568.6202392578125,568.6202392578125,nan,0.0,,leveltemp_energy_difference,False
8,21704,53,7,7,241,241,3,3,243,243,568.5446166992188,568.5446166992188,nan,0.0,,leveltemp_energy_difference,False
8,21705,53,7,7,241,241,4,4,243,243,568.5520629882812,568.5520629882812,nan,0.0,,leveltemp_energy_difference,False
8,21706,53,7,7,241,241,5,5,243,243,568.6202392578125,568.6202392578125,nan,0.0,,leveltemp_energy_difference,False
8,21707,53,7,7,241,241,19,19,242,242,697.11376953125,697.11376953125,nan,0.0,,leveltemp_energy_difference,False
8,21708,53,7,7,241,241,20,20,242,242,697.11376953125,697.11376953125,nan,0.0,,leveltemp_energy_difference,False
8,21709,53,7,7,241,241,21,21,242,242,697.11376953125,697.11376953125,nan,0.0,,leveltemp_energy_difference,False
8,21710,53,7,7,241,241,26,26,242,242,697.5613403320312,697.5613403320312,nan,0.0,,leveltemp_energy_difference,False
8,21711,53,7,7,241,241,28,28,242,242,697.6394653320312,697.6394653320312,nan,0.0,,leveltemp_energy_difference,False
8,21712,53,7,7,241,241,29,29,243,243,697.7957153320312,697.7957153320312,nan,0.0,,leveltemp_energy_difference,False
8,21713,53,7,7,241,241,7,7,243,243,573.9479370117188,573.9479370117188,nan,0.0,,leveltemp_energy_difference,False
8,21714,53,7,7,241,241,9,9,243,243,664.0186767578125,664.0186767578125,nan,0.0,,leveltemp_energy_difference,False
8,21715,53,7,7,241,241,10,10,243,243,664.0186767578125,664.0186767578125,nan,0.0,,leveltemp_energy_difference,False
8,21716,53,7,7,241,241,11,11,243,243,664.0186767578125,664.0186767578125,nan,0.0,,leveltemp_energy_difference,False
8,21717,53,7,7,241,241,29,29,246,246,697.7957153320312,697.7957153320312,nan,0.0,,leveltemp_energy_difference,False
8,21718,53,7,7,241,241,40,40,243,243,712.7172241210938,712.7172241210938,nan,0.0,,leveltemp_energy_difference,False
8,21719,53,7,7,241,241,38,38,242,242,712.6390991210938,712.6390991210938,nan,0.0,,leveltemp_energy_difference,False
8,21720,53,7,7,241,241,17,17,243,243,665.6156005859375,665.6156005859375,nan,0.0,,leveltemp_energy_difference,False
8,21721,53,7,7,241,241,39,39,243,243,712.68994140625,712.68994140625,nan,0.0,,leveltemp_energy_difference,False
8,21722,53,7,7,241,241,35,35,243,243,712.5870361328125,712.5870361328125,nan,0.0,,leveltemp_energy_difference,False
8,21723,53,7,7,241,241,36,36,243,243,712.5894775390625,712.5894775390625,nan,0.0,,leveltemp_energy_difference,False
8,21724,53,7,7,241,241,37,37,243,243,712.6143188476562,712.6143188476562,nan,0.0,,leveltemp_energy_difference,False
8,21725,53,7,7,241,241,23,23,243,243,697.5303955078125,697.5303955078125,nan,0.0,,leveltemp_energy_difference,False
8,21726,53,7,7,241,241,24,24,243,243,697.5353393554688,697.5353393554688,nan,0.0,,leveltemp_energy_difference,False
8,21727,53,7,7,241,241,25,25,243,243,697.5972900390625,697.5972900390625,nan,0.0,,leveltemp_energy_difference,False
8,21728,53,7,7,241,241,13,13,243,243,665.0973510742188,665.0973510742188,nan,0.0,,leveltemp_energy_difference,False
8,21729,53,7,7,241,241,14,14,243,243,665.1047973632812,665.1047973632812,nan,0.0,,leveltemp_energy_difference,False
8,21730,53,7,7,241,241,15,15,243,243,665.1060180664062,665.1060180664062,nan,0.0,,leveltemp_energy_difference,False
8,21731,53,7,7,241,241,35,35,242,242,712.5870361328125,712.5870361328125,nan,0.0,,leveltemp_energy_difference,False
8,21732,53,7,7,241,241,36,36,242,242,712.5894775390625,712.5894775390625,nan,0.0,,leveltemp_energy_difference,False
8,21733,53,7,7,241,241,37,37,242,242,712.6143188476562,712.6143188476562,nan,0.0,,leveltemp_energy_difference,False
8,21734,53,7,7,241,241,27,27,245,245,697.618408203125,697.618408203125,nan,0.0,,leveltemp_energy_difference,False
8,21735,53,7,7,241,241,40,40,242,242,712.7172241210938,712.7172241210938,nan,0.0,,leveltemp_energy_difference,False
8,21736,53,7,7,241,241,19,19,243,243,697.11376953125,697.11376953125,nan,0.0,,leveltemp_energy_difference,False
8,21737,53,7,7,241,241,20,20,243,243,697.11376953125,697.11376953125,nan,0.0,,leveltemp_energy_difference,False
8,21738,53,7,7,241,241,21,21,243,243,697.11376953125,697.11376953125,nan,0.0,,leveltemp_energy_difference,False
8,21739,53,7,7,241,241,42,42,245,245,711.9929809570312,711.9929809570312,nan,0.0,,leveltemp_energy_difference,False
8,21740,53,7,7,241,241,8,8,245,245,661.9295043945312,661.9295043945312,nan,0.0,,leveltemp_energy_difference,False
8,21741,53,7,7,241,241,28,28,243,243,697.6394653320312,697.6394653320312,nan,0.0,,leveltemp_energy_difference,False
8,21742,53,7,7,241,241,16,16,245,245,665.2337036132812,665.2337036132812,nan,0.0,,leveltemp_energy_difference,False
8,21743,53,7,7,241,241,30,30,245,245,711.9931030273438,711.9931030273438,nan,0.0,,leveltemp_energy_difference,False
8,21744,53,7,7,241,241,39,39,242,242,712.68994140625,712.68994140625,nan,0.0,,leveltemp_energy_difference,False
8,21745,53,7,7,241,241,13,13,242,242,665.0973510742188,665.0973510742188,nan,0.0,,leveltemp_energy_difference,False
8,21746,53,7,7,241,241,14,14,242,242,665.1047973632812,665.1047973632812,nan,0.0,,leveltemp_energy_difference,False
8,21747,53,7,7,241,241,15,15,242,242,665.1060180664062,665.1060180664062,nan,0.0,,leveltemp_energy_difference,False
8,21748,53,7,7,241,241,23,23,242,242,697.5303955078125,697.5303955078125,nan,0.0,,leveltemp_energy_difference,False
8,21749,53,7,7,241,241,24,24,242,242,697.5353393554688,697.5353393554688,nan,0.0,,leveltemp_energy_difference,False
8,21750,53,7,7,241,241,25,25,242,242,697.5972900390625,697.5972900390625,nan,0.0,,leveltemp_energy_difference,False
8,21754,53,7,7,241,241,27,27,242,242,697.618408203125,697.618408203125,nan,0.0,,leveltemp_energy_difference,False
8,21755,53,7,7,241,241,12,12,245,245,664.1116333007812,664.1116333007812,nan,0.0,,leveltemp_energy_difference,False
8,21756,53,7,7,241,241,22,22,245,245,697.17578125,697.17578125,nan,0.0,,leveltemp_energy_difference,False
8,21757,53,7,7,241,241,9,9,242,242,664.0186767578125,664.0186767578125,nan,0.0,,leveltemp_energy_difference,False
8,21758,53,7,7,241,241,10,10,242,242,664.0186767578125,664.0186767578125,nan,0.0,,leveltemp_energy_difference,False
8,21759,53,7,7,241,241,11,11,242,242,664.0186767578125,664.0186767578125,nan,0.0,,leveltemp_energy_difference,False
8,21760,53,7,7,241,241,7,7,242,242,573.9479370117188,573.9479370117188,nan,0.0,,leveltemp_energy_difference,False
8,21761,53,7,7,241,241,6,6,245,245,568.8867797851562,568.8867797851562,nan,0.0,,leveltemp_energy_difference,False
8,21762,53,7,7,241,241,29,29,242,242,697.7957153320312,697.7957153320312,nan,0.0,,leveltemp_energy_difference,False
8,21763,53,7,7,241,241,18,18,245,245,696.337646484375,696.337646484375,nan,0.0,,leveltemp_energy_difference,False
8,21764,53,7,7,241,241,13,13,245,245,665.0973510742188,665.0973510742188,nan,0.0,,leveltemp_energy_difference,False
8,21765,53,7,7,241,241,14,14,245,245,665.1047973632812,665.1047973632812,nan,0.0,,leveltemp_energy_difference,False
8,21766,53,7,7,241,241,15,15,245,245,665.1060180664062,665.1060180664062,nan,0.0,,leveltemp_energy_difference,False
8,21767,53,7,7,241,241,2,2,245,245,560.9840698242188,560.9840698242188,nan,0.0,,leveltemp_energy_difference,False
8,21768,53,7,7,241,241,39,39,245,245,712.68994140625,712.68994140625,nan,0.0,,leveltemp_energy_difference,False
