element_z,record,data_type,rate_type,n_cj2_diagonal_terms,n_cj2_terms_outside_tolerance,l1_abs_cj2_difference,max_abs_cj2_difference,forward_python_cj2,forward_xstar_cj2,reverse_python_cj2,reverse_xstar_cj2,within_tolerance,diagnosis
8,21523,53,7,2,2,1.080035840354085e-06,1.0727016661768849e-06,-1.069863183596178e-05,-1.1771333502138665e-05,3.0624896058572744e-10,7.64042313778593e-09,False,type53_ans5_ans6_or_phint53_energy_quadrature
8,21525,53,7,2,2,1.6275921160334024e-06,1.6254900328658229e-06,-1.784205170566528e-05,-1.94675417385311e-05,1.6453734986637462e-10,2.2666205174459827e-09,False,type53_ans5_ans6_or_phint53_energy_quadrature
8,21526,53,7,2,2,6.324515651358406e-08,6.324186782766874e-08,-1.5444394132716178e-06,-1.481197545443949e-06,9.630969736769382e-13,-2.3255889416354052e-12,False,type53_ans5_ans6_or_phint53_energy_quadrature
8,21527,53,7,2,1,1.5492117815815728e-07,1.5492117815405147e-07,-4.633328697982587e-07,-6.182540479523102e-07,1.7020627155352434e-19,4.2760104084373605e-18,False,type53_ans5_ans6_or_phint53_energy_quadrature
8,21528,53,7,2,1,2.5293673072851464e-08,2.528936593382657e-08,-1.3476542374357407e-05,-1.3451253008423581e-05,1.5519131640384568e-11,1.121199261549023e-11,False,type53_ans5_ans6_or_phint53_energy_quadrature
8,21529,53,7,2,1,8.990386815928487e-08,8.990386774052716e-08,-3.6326274166824507e-07,-4.5316660940877223e-07,1.840411789757107e-17,4.371618216166081e-16,False,type53_ans5_ans6_or_phint53_energy_quadrature
8,21530,53,7,2,1,6.388711868920011e-10,6.388611259190249e-10,-4.190834956013183e-09,-4.829696081932208e-09,4.3954684482135736e-16,1.0500519821020086e-14,False,type53_ans5_ans6_or_phint53_energy_quadrature
8,21531,53,7,2,1,3.2643480025675206e-10,3.2643472622193843e-10,-2.9757107562602047e-09,-3.302145482482143e-09,3.211586699399308e-18,7.724640034008727e-17,False,type53_ans5_ans6_or_phint53_energy_quadrature
8,21532,53,7,2,1,2.7355659327796895e-10,2.7355659310685393e-10,-1.8722023499643776e-09,-2.1457589430712315e-09,2.0171598598104314e-20,1.9128665056252517e-19,False,type53_ans5_ans6_or_phint53_energy_quadrature
8,21533,53,7,2,2,1.0985923430106131e-07,1.0985616863552731e-07,-4.5569974717025703e-07,-5.655559158057843e-07,1.2904375389259934e-13,3.1947092878895914e-12,False,type53_ans5_ans6_or_phint53_energy_quadrature
8,21534,53,7,2,2,1.0985514589858655e-07,1.0985003673708084e-07,-4.557018405035655e-07,-5.655518772406464e-07,2.1521347997938347e-13,5.3243749856814886e-12,False,type53_ans5_ans6_or_phint53_energy_quadrature
8,21535,53,7,2,2,1.0979479400375424e-07,1.0978764518121768e-07,-4.557231397385632e-07,-5.655107849197809e-07,3.0330110419652015e-13,7.4521236407611e-12,False,type53_ans5_ans6_or_phint53_energy_quadrature
8,21536,53,7,2,1,4.719555746522161e-08,4.7195557465221586e-08,-1.1536757138530057e-07,-1.6256312885052215e-07,1.0937704418437186e-24,2.941075086952566e-23,False,type53_ans5_ans6_or_phint53_energy_quadrature
8,21537,53,7,2,2,2.5564502745103975e-08,2.5559425216177317e-08,-6.250160707185765e-07,-5.994566455023992e-07,1.4869708134763768e-12,-3.590558113182389e-12,False,type53_ans5_ans6_or_phint53_energy_quadrature
8,21538,53,7,2,2,6.684105926379131e-06,6.684100802762827e-06,-1.7827827675870556e-05,-2.4511928478633383e-05,5.99681459612448e-13,5.7232977637301694e-12,False,type53_ans5_ans6_or_phint53_energy_quadrature
8,21539,53,7,2,2,6.683532742045417e-06,6.683524203395064e-06,-1.782796633287208e-05,-2.4511490536267143e-05,9.99824297050753e-13,9.538474649967435e-12,False,type53_ans5_ans6_or_phint53_energy_quadrature
8,21540,53,7,2,2,6.676311145973838e-06,6.676299204321728e-06,-1.7829703675705522e-05,-2.450600288002725e-05,1.4059853255395953e-12,1.3347637436040375e-11,False,type53_ans5_ans6_or_phint53_energy_quadrature
8,21541,53,7,2,2,6.669266171023372e-06,6.669257654220689e-06,-1.784476423711211e-05,-2.4514021891332798e-05,1.0046229083296709e-12,9.52142559138547e-12,False,type53_ans5_ans6_or_phint53_energy_quadrature
8,21542,53,7,2,1,5.216301285409347e-10,5.216300894991183e-10,-3.5840542354231527e-09,-4.105684324922271e-09,4.613848751810215e-18,4.3655665097770614e-17,False,type53_ans5_ans6_or_phint53_energy_quadrature
8,21543,53,7,2,1,6.868240991626272e-08,6.868240950034285e-08,-2.852479793366661e-07,-3.539303888370089e-07,1.4392225539782266e-17,4.3031209533151914e-16,False,type53_ans5_ans6_or_phint53_energy_quadrature
8,21544,53,7,2,1,6.868240974989477e-08,6.868240950034285e-08,-2.852479793366661e-07,-3.539303888370089e-07,8.6353353238693e-18,2.5818725719891434e-16,False,type53_ans5_ans6_or_phint53_energy_quadrature
8,21545,53,7,2,1,6.868240958352681e-08,6.868240950034285e-08,-2.852479793366661e-07,-3.539303888370089e-07,2.8784451079564808e-18,8.606241906630048e-17,False,type53_ans5_ans6_or_phint53_energy_quadrature
8,21546,53,7,2,1,2.4511817468854993e-08,2.451181146474255e-08,-6.952004421279661e-08,-9.403185567753916e-08,6.769466264126676e-16,6.6810590699645225e-15,False,type53_ans5_ans6_or_phint53_energy_quadrature
8,21547,53,7,2,1,2.4511841485304768e-08,2.451181146474255e-08,-6.952004421279661e-08,-9.403185567753916e-08,3.384733132063309e-15,3.340529534982392e-14,False,type53_ans5_ans6_or_phint53_energy_quadrature
8,21548,53,7,2,1,2.4511829477079882e-08,2.451181146474255e-08,-6.952004421279661e-08,-9.403185567753916e-08,2.0308398792379932e-15,2.0043177209893907e-14,False,type53_ans5_ans6_or_phint53_energy_quadrature
8,21549,53,7,2,1,6.259600510606986e-10,6.259504255344319e-10,-4.119107926438962e-09,-4.745058351973394e-09,3.767465518541198e-16,1.0002272818495837e-14,False,type53_ans5_ans6_or_phint53_energy_quadrature
8,21550,53,7,2,1,6.259664680782097e-10,6.259504255344319e-10,-4.119107926438962e-09,-4.745058351973394e-09,6.27910919756873e-16,1.667045469749693e-14,False,type53_ans5_ans6_or_phint53_energy_quadrature
8,21551,53,7,2,1,6.259536340431874e-10,6.259504255344319e-10,-4.119107926438962e-09,-4.745058351973394e-09,1.2558218395137177e-16,3.3340909394994515e-15,False,type53_ans5_ans6_or_phint53_energy_quadrature
8,21552,53,7,2,1,3.0447721155431993e-10,3.04477172311429e-10,-2.763561746227963e-09,-3.068038918539392e-09,1.6653760502412622e-18,4.0908266987215365e-17,False,type53_ans5_ans6_or_phint53_energy_quadrature
8,21553,53,7,2,1,4.819304335279467e-10,4.819042553404959e-10,-2.800457067482414e-09,-3.2823613228229097e-09,1.093984644042917e-15,2.7272172094806314e-14,False,type53_ans5_ans6_or_phint53_energy_quadrature
8,21554,53,7,2,1,1.300996049861482e-10,1.3009759312052347e-10,-8.351216426482858e-10,-9.652192357688093e-10,7.028145113409942e-17,2.0821470758789467e-15,False,type53_ans5_ans6_or_phint53_energy_quadrature
8,21555,53,7,2,2,1.112055125277824e-07,1.1120035616947103e-07,-4.651178710976295e-07,-5.763182272671006e-07,2.2354492264157917e-13,5.3799032340238046e-12,False,type53_ans5_ans6_or_phint53_energy_quadrature
8,21556,53,7,2,1,2.649473747707349e-10,2.6494736050353237e-10,-1.9284368857512575e-09,-2.19338424625479e-09,1.6744568842778662e-18,1.5941659403584242e-17,False,type53_ans5_ans6_or_phint53_energy_quadrature
8,21557,53,7,2,1,2.123491100123001e-08,2.123491089719557e-08,-8.198200110057576e-08,-1.0321691199777133e-07,2.377267603427911e-18,1.0641170648203191e-16,False,type53_ans5_ans6_or_phint53_energy_quadrature
8,21558,53,7,2,1,3.924603886714439e-10,3.924591096686894e-10,-2.855343664512627e-09,-3.2478027741813165e-09,4.467814946044145e-17,1.3236809039577776e-15,False,type53_ans5_ans6_or_phint53_energy_quadrature
8,21559,53,7,2,1,5.190719601129513e-06,5.1907196011293415e-06,-2.687613923824349e-05,-3.206685883937283e-05,7.127337408497762e-21,1.7810953777510023e-19,False,type53_ans5_ans6_or_phint53_energy_quadrature
8,21560,53,7,2,1,6.902062809136736e-10,6.901858377030333e-10,-4.683164608087173e-09,-5.373350445790206e-09,8.735380550992481e-16,2.1316748695347702e-14,False,type53_ans5_ans6_or_phint53_energy_quadrature
8,21561,53,7,2,1,6.452795043982115e-09,6.452790210561668e-09,-1.7447961181242177e-08,-2.3900751391803845e-08,5.070387774047398e-16,5.340459224042287e-15,False,type53_ans5_ans6_or_phint53_energy_quadrature
8,21562,53,7,2,1,2.5438854604604157e-08,2.5438854604604157e-08,-6.196722416063568e-08,-8.740607876523983e-08,3.840026609045193e-80,6.805533300245082e-157,False,type53_ans5_ans6_or_phint53_energy_quadrature
8,21563,53,7,2,1,4.7467235213676094e-09,4.7467235213676094e-09,-1.175365816893528e-08,-1.650038169030289e-08,6.5659126895112985e-28,1.6707340006549573e-26,False,type53_ans5_ans6_or_phint53_energy_quadrature
8,21564,53,7,2,1,4.8848066824383824e-06,4.8848066824041394e-06,-2.4747268149778632e-05,-2.9632074832182772e-05,1.3998761810788813e-18,3.56428650707433e-17,False,type53_ans5_ans6_or_phint53_energy_quadrature
8,21565,53,7,2,1,4.884501538114774e-06,4.8845015380577065e-06,-2.4747784433574776e-05,-2.9632285971632483e-05,2.3354400801528583e-18,5.940246413707944e-17,False,type53_ans5_ans6_or_phint53_energy_quadrature
8,21566,53,7,2,1,4.88445151290378e-06,4.884451512823887e-06,-2.474786907040002e-05,-2.9632320583223908e-05,3.2701469903275505e-18,8.316291940285172e-17,False,type53_ans5_ans6_or_phint53_energy_quadrature
8,21567,53,7,2,1,6.379200294082525e-09,6.3791987871177945e-09,-1.895584211716273e-08,-2.5335040904280524e-08,1.708637525789922e-16,1.6778284829059728e-15,False,type53_ans5_ans6_or_phint53_energy_quadrature
8,21568,53,7,2,1,3.367005532227561e-08,3.367005526271788e-08,-1.2725318416787459e-07,-1.6092323943059247e-07,2.092773948668943e-18,6.165050836739954e-17,False,type53_ans5_ans6_or_phint53_energy_quadrature
8,21569,53,7,2,2,1.0796827320755234e-06,1.079680325962589e-06,-1.2520494909334238e-05,-1.3600175235296827e-05,2.382922596601287e-13,2.644405193971119e-12,False,type53_ans5_ans6_or_phint53_energy_quadrature
8,21570,53,7,2,1,1.651697898885088e-08,1.651697898885088e-08,-4.2155282845801e-08,-5.867226183465188e-08,1.4540874901071208e-27,6.418553327857826e-26,False,type53_ans5_ans6_or_phint53_energy_quadrature
8,21571,53,7,2,1,1.6516543293911504e-08,1.6516543293911504e-08,-4.215592419367126e-08,-5.867246748758276e-08,4.365981358878811e-27,1.9255288774396116e-25,False,type53_ans5_ans6_or_phint53_energy_quadrature
8,21572,53,7,2,1,1.651255316399302e-08,1.651255316399302e-08,-4.2161796318831e-08,-5.867434948282402e-08,7.333384231621451e-27,3.2086483465572373e-25,False,type53_ans5_ans6_or_phint53_energy_quadrature
8,21573,53,7,2,1,1.9379628650434604e-08,1.9299244298516623e-08,-6.192503423472169e-06,-6.173204179173652e-06,1.9221371228132593e-10,1.1182936036334583e-10,False,type53_ans5_ans6_or_phint53_energy_quadrature
8,21574,53,7,2,1,8.35883589664853e-09,8.358668053200011e-09,-1.9913633258313473e-07,-1.9077766452993472e-07,5.038421070989812e-14,-1.174592378090749e-13,False,type53_ans5_ans6_or_phint53_energy_quadrature
8,21576,53,7,2,2,5.6919442825894124e-11,4.672060016973147e-11,-7.925572814611726e-09,-7.878852214441994e-09,2.3358602484090737e-11,1.315975982792808e-11,False,type53_ans5_ans6_or_phint53_energy_quadrature
8,21577,53,7,2,2,6.245098340433672e-08,6.076401145305263e-08,-6.973012938969564e-07,-6.365372824439038e-07,5.008086909539085e-10,-1.1861632603301774e-09,False,type53_ans5_ans6_or_phint53_energy_quadrature
8,21578,53,7,2,2,1.3301214644428385e-10,1.3169115165107312e-10,-3.1144668174219144e-09,-2.9827756657708413e-09,4.036398213100294e-13,-9.17354971900696e-13,False,type53_ans5_ans6_or_phint53_energy_quadrature
8,21579,53,7,2,2,1.8004674940491146e-06,1.7967438426928015e-06,-2.5169916227416804e-05,-2.6966660070109606e-05,3.024809572538816e-10,4.026132313566874e-09,False,type53_ans5_ans6_or_phint53_energy_quadrature
8,21580,53,7,2,1,9.618451324038146e-08,9.618451324038146e-08,-3.5818127497467267e-07,-4.5436578821505413e-07,8.836863741757114e-79,1.4649243806365668e-139,False,type53_ans5_ans6_or_phint53_energy_quadrature
8,21581,53,7,2,1,1.0019382635783646e-08,8.316071755239086e-09,-2.1049098056453214e-05,-2.1057414128208453e-05,6.247842737631069e-08,6.418173825685525e-08,False,type53_ans5_ans6_or_phint53_energy_quadrature
8,21582,53,7,2,2,3.6007258368264065e-09,3.4348487407329876e-09,-4.271761616271601e-08,-4.6152464903449e-08,1.6946109565912317e-11,1.8282320565933114e-10,False,type53_ans5_ans6_or_phint53_energy_quadrature
8,21583,53,7,2,2,3.966961709367675e-08,3.662816570195748e-08,-4.2344976231935194e-07,-3.8682159661739447e-07,9.029156923729269e-10,-2.138535699346348e-09,False,type53_ans5_ans6_or_phint53_energy_quadrature
8,21584,53,7,2,2,2.4009544712421393e-10,2.342172914415845e-10,-4.8363065853575155e-09,-4.602089293915931e-09,1.7980249989323216e-12,-4.080130683697126e-12,False,type53_ans5_ans6_or_phint53_energy_quadrature
8,21585,53,7,2,2,2.1176214584104185e-08,2.107103371352362e-08,-3.012034358655512e-07,-3.222744695790748e-07,1.153114855904588e-11,1.167120191396117e-10,False,type53_ans5_ans6_or_phint53_energy_quadrature
8,21586,53,7,2,1,3.455496435654587e-10,3.262184048109379e-10,-7.113728228160412e-08,-7.081106387679319e-08,6.862357619464514e-11,4.929233744012433e-11,False,type53_ans5_ans6_or_phint53_energy_quadrature
8,21587,53,7,2,1,4.228745985835379e-10,3.262184048109379e-10,-7.113728228160412e-08,-7.081106387679319e-08,3.4311788097321823e-10,2.4646168720061823e-10,False,type53_ans5_ans6_or_phint53_energy_quadrature
8,21588,53,7,2,1,3.8421212107449427e-10,3.262184048109379e-10,-7.113728228160412e-08,-7.081106387679319e-08,2.0587072858393287e-10,1.478770123203765e-10,False,type53_ans5_ans6_or_phint53_energy_quadrature
8,21589,53,7,2,2,1.5670822156310436e-08,1.5503671322003653e-08,-2.1367542529451237e-07,-2.2917909661651602e-07,1.329912821781506e-11,1.8044996252459634e-10,False,type53_ans5_ans6_or_phint53_energy_quadrature
8,21590,53,7,2,2,1.5603961822587725e-08,1.5503671322003653e-08,-2.1367542529451237e-07,-2.2917909661651602e-07,7.979476930688943e-12,1.08269977514759e-10,False,type53_ans5_ans6_or_phint53_energy_quadrature
8,21591,53,7,2,2,1.5537101488865007e-08,1.5503671322003653e-08,-2.1367542529451237e-07,-2.2917909661651602e-07,2.659825643563059e-12,3.608999250491678e-11,False,type53_ans5_ans6_or_phint53_energy_quadrature
8,21592,53,7,2,1,9.054902320678925e-10,9.054902293779655e-10,-3.393523684403036e-09,-4.2990139137810015e-09,6.372410592694671e-20,2.7536510949974797e-18,False,type53_ans5_ans6_or_phint53_energy_quadrature
8,21593,53,7,2,1,9.054502737308889e-10,9.054502656615777e-10,-3.3935783444379446e-09,-4.299028610099522e-09,1.9140732267566474e-19,8.260718571762056e-18,False,type53_ans5_ans6_or_phint53_energy_quadrature
8,21594,53,7,2,1,9.050842998157839e-10,9.050842863740995e-10,-3.3940788014586006e-09,-4.2991630878327e-09,3.2259827767426005e-19,1.3764282663720937e-17,False,type53_ans5_ans6_or_phint53_energy_quadrature
8,21595,53,7,2,2,2.138436256235568e-06,2.130984739094224e-06,-2.874202430551717e-05,-3.0873009044611394e-05,3.3110162521517545e-10,7.782618766558802e-09,False,type53_ans5_ans6_or_phint53_energy_quadrature
8,21596,53,7,2,1,6.565629541928139e-10,6.565580364075658e-10,-1.554669360130951e-08,-1.4890135564901946e-08,1.4960720574021946e-15,-3.4217131906655718e-15,False,type53_ans5_ans6_or_phint53_energy_quadrature
8,21597,53,7,2,1,1.6556483580377683e-08,1.6556472077439297e-08,-5.0690505279112224e-08,-6.724697735655152e-08,1.3523013438105725e-15,1.285523972950836e-14,False,type53_ans5_ans6_or_phint53_energy_quadrature
8,21598,53,7,2,1,1.655507203887385e-08,1.6555052868904968e-08,-5.0690879593108515e-08,-6.724593246201348e-08,2.2546333914946562e-15,2.1424602273226326e-14,False,type53_ans5_ans6_or_phint53_energy_quadrature
8,21599,53,7,2,1,1.653729624269975e-08,1.6537269432726403e-08,-5.069556977009499e-08,-6.723283920282139e-08,3.1704830494086462e-15,2.998045639879793e-14,False,type53_ans5_ans6_or_phint53_energy_quadrature
8,21600,53,7,2,1,1.1364557219284716e-07,1.1364557219284716e-07,-2.854995056099032e-07,-3.9914507780275034e-07,8.005456049586468e-27,2.144245093672972e-25,False,type53_ans5_ans6_or_phint53_energy_quadrature
8,21601,53,7,2,2,1.3108489214816474e-07,1.3108140196008853e-07,-5.782451863699888e-07,-7.093265883300773e-07,1.3885108963914476e-13,3.629039165852429e-12,False,type53_ans5_ans6_or_phint53_energy_quadrature
8,21602,53,7,2,2,1.3108721894021556e-07,1.3108140196008853e-07,-5.782451863699888e-07,-7.093265883300773e-07,2.314184827319015e-13,6.0483986097540556e-12,False,type53_ans5_ans6_or_phint53_energy_quadrature
8,21603,53,7,2,2,1.3108256535611393e-07,1.3108140196008853e-07,-5.782451863699888e-07,-7.093265883300773e-07,4.6283696546380774e-14,1.209679721950992e-12,False,type53_ans5_ans6_or_phint53_energy_quadrature
8,21604,53,7,2,2,6.593831293863923e-06,6.593829615459297e-06,-1.7592488941667383e-05,-2.418631855712668e-05,1.9009666546882653e-13,1.8685012915426824e-12,False,type53_ans5_ans6_or_phint53_energy_quadrature
8,21605,53,7,2,2,6.593838007482427e-06,6.593829615459297e-06,-1.7592488941667383e-05,-2.418631855712668e-05,9.504833273441328e-13,9.342506457713323e-12,False,type53_ans5_ans6_or_phint53_energy_quadrature
8,21606,53,7,2,2,6.593834650673175e-06,6.593829615459297e-06,-1.7592488941667383e-05,-2.418631855712668e-05,5.702899964064845e-13,5.605503874627873e-12,False,type53_ans5_ans6_or_phint53_energy_quadrature
8,21607,53,7,2,1,4.871445341366793e-06,4.871445339389119e-06,-2.4157452826033577e-05,-2.9028898165422696e-05,6.904168019695902e-17,2.046715582957882e-15,False,type53_ans5_ans6_or_phint53_energy_quadrature
8,21608,53,7,2,1,4.871445340575723e-06,4.871445339389119e-06,-2.4157452826033577e-05,-2.9028898165422696e-05,4.142500811817564e-17,1.2280293497745598e-15,False,type53_ans5_ans6_or_phint53_energy_quadrature
8,21609,53,7,2,1,4.871445339784654e-06,4.871445339389119e-06,-2.4157452826033577e-05,-2.9028898165422696e-05,1.380833603939169e-17,4.0934311659155034e-16,False,type53_ans5_ans6_or_phint53_energy_quadrature
8,21611,53,7,2,2,1.700782795928485e-07,1.7007359305767278e-07,-7.216128474153284e-07,-8.916864404730012e-07,2.077985227173506e-13,4.8943336984365e-12,False,type53_ans5_ans6_or_phint53_energy_quadrature
8,21612,53,7,2,1,9.573350959125739e-10,9.569601577276466e-10,-1.4291751168698754e-08,-1.52487113264264e-08,3.7320358612715104e-14,4.1225854353999616e-13,False,type53_ans5_ans6_or_phint53_energy_quadrature
8,21613,53,7,2,1,9.57368574351487e-10,9.567445299032751e-10,-1.4291946888949204e-08,-1.524869141885248e-08,6.220477071898107e-14,6.862492189308152e-13,False,type53_ans5_ans6_or_phint53_energy_quadrature
8,21614,53,7,2,1,9.575826472167349e-10,9.56709180500408e-10,-1.4291978974289635e-08,-1.5248688154790043e-08,8.708762494314478e-14,9.60554341270059e-13,False,type53_ans5_ans6_or_phint53_energy_quadrature
8,21615,53,7,2,1,5.417171950944854e-06,5.4171719487999005e-06,-2.852556230615634e-05,-3.394273425495624e-05,9.494573057672672e-17,2.2398991064590816e-15,False,type53_ans5_ans6_or_phint53_energy_quadrature
8,21616,53,7,2,2,1.1510808972382666e-07,1.0860036236016725e-07,-2.0981970837508615e-05,-2.0873370475148448e-05,2.152228380405984e-08,1.5014556440400428e-08,False,type53_ans5_ans6_or_phint53_energy_quadrature
8,21617,53,7,2,1,1.6929747827427524e-09,1.6929690008253202e-09,-1.4365756580575352e-08,-1.6058725581400672e-08,2.471278046515065e-16,6.0290452369564875e-15,False,type53_ans5_ans6_or_phint53_energy_quadrature
8,21618,53,7,2,1,1.6928889667489658e-09,1.6928793307503105e-09,-1.4365801525417135e-08,-1.6058680856167445e-08,4.12144932881246e-16,1.0048143588175581e-14,False,type53_ans5_ans6_or_phint53_energy_quadrature
8,21619,53,7,2,1,1.6919803620843549e-09,1.6919668792417658e-09,-1.4366258849236294e-08,-1.605822572847806e-08,5.807815133025233e-16,1.4063624102465968e-14,False,type53_ans5_ans6_or_phint53_energy_quadrature
8,21624,53,7,2,1,1.6060730628501816e-11,1.6048469434365904e-11,-3.9441001086420907e-10,-3.7836154142984317e-10,3.739036757155342e-15,-8.522157378757643e-15,False,type53_ans5_ans6_or_phint53_energy_quadrature
8,21625,53,7,2,1,3.50466628455817e-08,3.504666224993927e-08,-1.10819490873881e-07,-1.4586615312382027e-07,2.5098229841751685e-17,6.207406632820946e-16,False,type53_ans5_ans6_or_phint53_energy_quadrature
8,21626,53,7,2,2,2.608937568566246e-10,2.458135022658242e-10,-3.641246606766937e-09,-3.3954331045011127e-09,4.544275619456722e-12,-1.0535978971343734e-11,False,type53_ans5_ans6_or_phint53_energy_quadrature
8,21627,53,7,2,2,2.7094725991715804e-10,2.458135022658242e-10,-3.641246606766937e-09,-3.3954331045011127e-09,7.573792699094499e-12,-1.7559964952239358e-11,False,type53_ans5_ans6_or_phint53_energy_quadrature
8,21628,53,7,2,2,2.5084025379609087e-10,2.458135022658242e-10,-3.641246606766937e-09,-3.3954331045011127e-09,1.514758539818908e-12,-3.511992990447807e-12,False,type53_ans5_ans6_or_phint53_energy_quadrature
8,21629,53,7,2,1,6.989138270560995e-08,6.989138270560993e-08,-1.643784055980853e-07,-2.3426978830369524e-07,7.523178855171228e-25,3.299995208026822e-23,False,type53_ans5_ans6_or_phint53_energy_quadrature
8,21630,53,7,2,1,6.988944612814432e-08,6.988944612814423e-08,-1.6438114606635934e-07,-2.3427059219450356e-07,2.2588656633413803e-24,9.89979477289476e-23,False,type53_ans5_ans6_or_phint53_energy_quadrature
8,21631,53,7,2,1,6.987171173913796e-08,6.98717117391378e-08,-1.644062375555824e-07,-2.342779492947202e-07,3.7939525035388286e-24,1.6496745648158213e-22,False,type53_ans5_ans6_or_phint53_energy_quadrature
8,21641,53,7,2,1,3.0361685435081127e-08,3.0361685435081127e-08,-1.8250176713058743e-08,-4.861186214813987e-08,1.4609188853406237e-80,5.417558532273129e-200,False,type53_ans5_ans6_or_phint53_energy_quadrature
8,21645,53,7,2,1,9.068087366335394e-09,9.068087366335394e-09,-6.496593306555374e-09,-1.5564680672890767e-08,3.1199356140781444e-81,1.5038852633786156e-216,False,type53_ans5_ans6_or_phint53_energy_quadrature
8,21651,53,7,2,1,2.159811308258843e-08,2.159811308258843e-08,-1.34499514546766e-08,-3.504806453726503e-08,8.893538020795814e-81,3.41140712773417e-200,False,type53_ans5_ans6_or_phint53_energy_quadrature
8,21656,53,7,2,2,6.317586970221391e-10,5.472420795786553e-10,-6.493751782559616e-08,-6.43902757460175e-08,1.7439615793603462e-10,8.987954049255084e-11,False,type53_ans5_ans6_or_phint53_energy_quadrature
8,21659,53,7,2,2,8.090178378073485e-11,7.926281032572274e-11,-1.672180217319068e-09,-1.5929174069933453e-09,4.987750433852119e-13,-1.1401984116268976e-12,False,type53_ans5_ans6_or_phint53_energy_quadrature
8,21660,53,7,2,2,8.200586757762395e-11,7.927484280426442e-11,-1.672185996179624e-09,-1.5929111533753595e-09,8.311904321414591e-13,-1.899834341218071e-12,False,type53_ans5_ans6_or_phint53_energy_quadrature
8,21661,53,7,2,2,8.321220014403809e-11,7.939727353413619e-11,-1.6722447946044703e-09,-1.5928475210703341e-09,1.1622204238221456e-12,-2.6527061860797496e-12,False,type53_ans5_ans6_or_phint53_energy_quadrature
8,21662,53,7,2,2,4.79630666194595e-11,4.138157368393807e-11,-6.137967055271038e-09,-6.0965854815871e-09,1.598829685023732e-11,9.406803914715887e-12,False,type53_ans5_ans6_or_phint53_energy_quadrature
8,21663,53,7,2,2,5.257065931634221e-11,4.156192129211348e-11,-6.138020626735902e-09,-6.096458705443788e-09,2.665112021479658e-11,1.5642382190567856e-11,False,type53_ans5_ans6_or_phint53_energy_quadrature
8,21664,53,7,2,2,5.992070065004873e-11,4.382177615410401e-11,-6.138691873121838e-09,-6.094870096967734e-09,3.7378558207358436e-11,2.1279633711413724e-11,False,type53_ans5_ans6_or_phint53_energy_quadrature
8,21666,53,7,2,1,2.1635179972293223e-09,2.1635147078866737e-09,-7.1312803537761344e-09,-9.294795061662808e-09,3.904362595048977e-16,3.6797789080382475e-15,False,type53_ans5_ans6_or_phint53_energy_quadrature
8,21670,53,7,2,1,8.553393766707364e-10,8.553393727624937e-10,-3.3271892813946684e-09,-4.182528654157162e-09,1.8290151465861054e-19,4.091144177054461e-18,False,type53_ans5_ans6_or_phint53_energy_quadrature
8,21671,53,7,2,1,3.1753542319921886e-09,3.1753542319921886e-09,-2.018978370237682e-09,-5.194332602229871e-09,3.8786266315286477e-82,1.9425804585090263e-233,False,type53_ans5_ans6_or_phint53_energy_quadrature
8,21672,53,7,2,1,4.63859108094778e-09,4.63859108094778e-09,-3.0366335892393087e-09,-7.675224670187089e-09,9.860999839857472e-82,4.912115618065351e-233,False,type53_ans5_ans6_or_phint53_energy_quadrature
8,21678,53,7,2,2,6.430950339520284e-06,6.430945432831081e-06,-1.7416712995952407e-05,-2.3847658428783488e-05,5.904317476573718e-13,5.497120950882874e-12,False,type53_ans5_ans6_or_phint53_energy_quadrature
8,21679,53,7,2,1,3.8919063739811463e-07,3.8919063739811463e-07,-1.1764952553416142e-06,-1.5656858927397289e-06,4.2906308101824725e-78,5.183644590349067e-123,False,type53_ans5_ans6_or_phint53_energy_quadrature
8,21681,53,7,2,2,3.847253899468024e-06,3.594262751026384e-06,-1.6683283776615e-05,-2.0277546527641383e-05,2.0589598125028967e-08,2.73580746566669e-07,False,type53_ans5_ans6_or_phint53_energy_quadrature
8,21683,53,7,2,1,1.003657070161924e-05,1.003657070161924e-05,-3.336224716156896e-05,-4.33988178631882e-05,5.181066342194406e-75,6.469762364853776e-120,False,type53_ans5_ans6_or_phint53_energy_quadrature
8,21684,53,7,2,2,5.101971578143941e-06,3.971324620658343e-06,-1.7717092530535764e-05,-2.1688417151194108e-05,5.0395116492917965e-08,1.1810420739785156e-06,False,type53_ans5_ans6_or_phint53_energy_quadrature
8,21685,53,7,2,1,1.0564201559188545e-05,1.0564201559096049e-05,-3.3130195179123124e-05,-4.3694396738219173e-05,3.900694062608951e-18,9.63968912499072e-17,False,type53_ans5_ans6_or_phint53_energy_quadrature
8,21686,53,7,2,2,2.6331537288035885e-08,2.618470325429078e-08,-5.716118101367843e-07,-5.454271068824935e-07,4.3620478656381237e-11,-1.0321355508872523e-10,False,type53_ans5_ans6_or_phint53_energy_quadrature
8,21687,53,7,2,2,6.788421048471054e-09,6.644573491798106e-09,-1.4021899744920792e-07,-1.335744239574098e-07,4.273350430069001e-11,-1.0111405237225753e-10,False,type53_ans5_ans6_or_phint53_energy_quadrature
8,21688,53,7,2,1,9.300636568185167e-10,9.296617428018607e-10,-2.189273152359077e-08,-2.096306978078891e-08,1.211925907928815e-13,-2.8072142586316277e-13,False,type53_ans5_ans6_or_phint53_energy_quadrature
8,21689,53,7,2,1,9.303315994962875e-10,9.296617428018607e-10,-2.189273152359077e-08,-2.096306978078891e-08,2.0198765132146903e-13,-4.678690431052939e-13,False,type53_ans5_ans6_or_phint53_energy_quadrature
8,21690,53,7,2,1,9.297957141407461e-10,9.296617428018607e-10,-2.189273152359077e-08,-2.096306978078891e-08,4.0397530264293855e-14,-9.357380862105493e-14,False,type53_ans5_ans6_or_phint53_energy_quadrature
8,21691,53,7,2,2,1.789124564937008e-07,1.7887805527484928e-07,-2.0914234246666275e-06,-2.2703014799414768e-06,3.5199836569826377e-12,3.792120250850662e-11,False,type53_ans5_ans6_or_phint53_energy_quadrature
8,21692,53,7,2,2,3.674503041009217e-08,3.646981018356925e-08,-8.283157983678788e-07,-7.918459881843095e-07,8.186054880712569e-11,-1.9335967771579548e-10,False,type53_ans5_ans6_or_phint53_energy_quadrature
8,21693,53,7,2,2,3.692851056110747e-08,3.646981018356925e-08,-8.283157983678788e-07,-7.918459881843095e-07,1.364342480118746e-10,-3.222661295263413e-10,False,type53_ans5_ans6_or_phint53_energy_quadrature
8,21694,53,7,2,2,3.656155025907689e-08,3.646981018356925e-08,-8.283157983678788e-07,-7.918459881843095e-07,2.7286849602374726e-11,-6.445322590526018e-11,False,type53_ans5_ans6_or_phint53_energy_quadrature
8,21697,53,7,2,1,9.6848808604406e-11,8.910445788401662e-11,-4.5556974145030745e-07,-4.5565884590819146e-07,3.08507839959005e-10,3.1625219067939436e-10,False,type53_ans5_ans6_or_phint53_energy_quadrature
8,21698,53,7,2,1,3.2922132923152964e-08,3.292207400094112e-08,-7.796676209931591e-07,-7.46745546992218e-07,1.774365805351942e-14,-4.117855379000153e-14,False,type53_ans5_ans6_or_phint53_energy_quadrature
8,21699,53,7,2,2,4.1156565874375454e-07,4.1008467486263846e-07,-4.733798076502856e-06,-5.1438827513654945e-06,1.6260545247784193e-10,1.6435893335939242e-09,False,type53_ans5_ans6_or_phint53_energy_quadrature
8,21700,53,7,2,1,7.766293404899992e-09,7.68628851650774e-09,-3.2404237616267777e-06,-3.23273747311027e-06,2.6352048479773214e-10,1.8351559640548005e-10,False,type53_ans5_ans6_or_phint53_energy_quadrature
8,21701,53,7,2,1,3.81859922287255e-08,3.818599222787441e-08,-1.2166502072697536e-07,-1.5985101295484977e-07,2.0193265305765262e-20,8.712849182391659e-19,False,type53_ans5_ans6_or_phint53_energy_quadrature
8,21702,53,7,2,1,3.81842334444599e-08,3.818423344190677e-08,-1.21666734824635e-07,-1.5985096826654177e-07,6.065415400483214e-20,2.6137804889187428e-18,False,type53_ans5_ans6_or_phint53_energy_quadrature
8,21703,53,7,2,1,3.816813075829938e-08,3.8168130754046434e-08,-1.216824284297261e-07,-1.5985055918377254e-07,1.0222492898111301e-19,4.355167550844715e-18,False,type53_ans5_ans6_or_phint53_energy_quadrature
8,21704,53,7,2,1,1.0475470038427089e-05,1.0475470037994323e-05,-3.4750895301463924e-05,-4.522636533945825e-05,9.945430174515307e-18,4.427120726556479e-16,False,type53_ans5_ans6_or_phint53_energy_quadrature
8,21705,53,7,2,1,1.0475001636656892e-05,1.0475001635358668e-05,-3.475143066385262e-05,-4.522643229921129e-05,2.9874072877000385e-17,1.3280984824742714e-15,False,type53_ans5_ans6_or_phint53_energy_quadrature
8,21706,53,7,2,1,1.0470712243264826e-05,1.0470712241102271e-05,-3.4756332485737805e-05,-4.5227044726840076e-05,5.0366663860157205e-17,2.212921643466142e-15,False,type53_ans5_ans6_or_phint53_energy_quadrature
8,21708,53,7,2,1,4.613338875023894e-11,4.501696976074862e-11,-2.1798198970545778e-08,-2.175318200078503e-08,3.9452205908582474e-12,2.8288016013679236e-12,False,type53_ans5_ans6_or_phint53_energy_quadrature
8,21712,53,7,2,1,1.2513070969835873e-08,1.2018288953408753e-08,-2.9099144268475563e-06,-2.8978961378941476e-06,1.0565269350335686e-09,5.61744918606448e-10,False,type53_ans5_ans6_or_phint53_energy_quadrature
8,21713,53,7,2,1,9.745605509085737e-06,9.745605509081246e-06,-3.362773963674051e-05,-4.337334514582175e-05,2.0680576852317203e-19,4.698473040702345e-18,False,type53_ans5_ans6_or_phint53_energy_quadrature
8,21714,53,7,2,2,5.68693866974906e-06,4.33162505208846e-06,-2.3917558692438536e-05,-2.8249183744526996e-05,1.0384112431624096e-07,1.4591547419768411e-06,False,type53_ans5_ans6_or_phint53_energy_quadrature
8,21715,53,7,2,2,5.14481322268486e-06,4.33162505208846e-06,-2.3917558692438536e-05,-2.8249183744526996e-05,6.230467458974508e-08,8.754928451861452e-07,False,type53_ans5_ans6_or_phint53_energy_quadrature
8,21716,53,7,2,2,4.602687775620569e-06,4.33162505208846e-06,-2.3917558692438536e-05,-2.8249183744526996e-05,2.076822486324795e-08,2.9183094839535717e-07,False,type53_ans5_ans6_or_phint53_energy_quadrature
8,21717,53,7,2,1,2.3543920982545967e-08,2.354390382188628e-08,-6.844826977366663e-08,-9.199217359555291e-08,2.0560121211323555e-15,1.921667180741913e-14,False,type53_ans5_ans6_or_phint53_energy_quadrature
8,21718,53,7,2,2,8.062374910124918e-07,8.056940820132994e-07,-1.8883885039682307e-05,-1.8078190957669008e-05,1.641606648135919e-10,-3.792483343788245e-10,False,type53_ans5_ans6_or_phint53_energy_quadrature
8,21719,53,7,2,1,9.143230537466522e-09,9.143200253366747e-09,-2.1458765498462443e-07,-2.0544445473125768e-07,9.240991689786848e-15,-2.104310808604908e-14,False,type53_ans5_ans6_or_phint53_energy_quadrature
8,21720,53,7,2,2,5.081696475221402e-06,4.470347532439068e-06,-2.8101040640124466e-05,-3.2571388172563534e-05,6.50763062783324e-08,6.764252490606659e-07,False,type53_ans5_ans6_or_phint53_energy_quadrature
8,21721,53,7,2,2,2.240460623134987e-07,2.2403929489550813e-07,-5.298947766116277e-06,-5.074908471220769e-06,2.0421423180609024e-12,-4.7252756725134225e-12,False,type53_ans5_ans6_or_phint53_energy_quadrature
8,21722,53,7,2,2,4.090983022187061e-08,4.0905830371008347e-08,-9.685887573126616e-07,-9.276829269416532e-07,1.2019312208682395e-12,-2.7979196413950324e-12,False,type53_ans5_ans6_or_phint53_energy_quadrature
8,21723,53,7,2,2,4.0918798083170515e-08,4.091213311808356e-08,-9.685919631392466e-07,-9.27679830021163e-07,2.0029836594340443e-12,-4.661981427519214e-12,False,type53_ans5_ans6_or_phint53_energy_quadrature
8,21724,53,7,2,2,4.0985605779393016e-08,4.097629551345877e-08,-9.686246167539056e-07,-9.276483212404468e-07,2.800821029570772e-12,-6.5094449046757464e-12,False,type53_ans5_ans6_or_phint53_energy_quadrature
8,21725,53,7,2,1,2.213274034700759e-08,2.210439229533076e-08,-7.925403744660605e-06,-7.903299352365274e-06,7.229930169232952e-11,4.39512500154967e-11,False,type53_ans5_ans6_or_phint53_energy_quadrature
8,21726,53,7,2,1,2.2256385321856755e-08,2.2208950629697886e-08,-7.925455997056225e-06,-7.903247046426527e-06,1.205203285480947e-10,7.308563638922596e-11,False,type53_ans5_ans6_or_phint53_energy_quadrature
8,21727,53,7,2,1,2.358884371091479e-08,2.3519174435794385e-08,-7.926110815253244e-06,-7.90259164081745e-06,1.690937459574614e-10,9.942447083705803e-11,False,type53_ans5_ans6_or_phint53_energy_quadrature
8,21728,53,7,2,1,2.025858695043989e-06,2.025858430571576e-06,-2.425841826739338e-05,-2.6284276697964957e-05,2.550410534158438e-14,2.899765186748741e-13,False,type53_ans5_ans6_or_phint53_energy_quadrature
8,21729,53,7,2,1,2.0253784508531537e-06,2.0253780106668544e-06,-2.425865887086537e-05,-2.6284036881532226e-05,4.251117915802713e-14,4.826974784807733e-13,False,type53_ans5_ans6_or_phint53_energy_quadrature
8,21730,53,7,2,1,2.0252998693979346e-06,2.0252992532749567e-06,-2.4258698314064492e-05,-2.628399756733945e-05,5.951663766364104e-14,6.756396155863412e-13,False,type53_ans5_ans6_or_phint53_energy_quadrature
8,21731,53,7,2,1,6.922466800629513e-09,6.9216731827708295e-09,-1.628358371479473e-07,-1.5591416396517648e-07,2.416700804526688e-13,-5.519477782311919e-13,False,type53_ans5_ans6_or_phint53_energy_quadrature
8,21732,53,7,2,2,6.924071122942465e-09,6.922748715960052e-09,-1.6283639276759622e-07,-1.5591364405163617e-07,4.0273428952886633e-13,-9.19672692883717e-13,False,type53_ans5_ans6_or_phint53_energy_quadrature
8,21733,53,7,2,2,6.9355449428297e-09,6.933697693597019e-09,-1.6284205187488312e-07,-1.559083541812861e-07,5.631259864321354e-13,-1.2841232462497104e-12,False,type53_ans5_ans6_or_phint53_energy_quadrature
8,21734,53,7,2,1,1.979431347255899e-08,1.9794291874969876e-08,-6.539780830957271e-08,-8.519210018454258e-08,2.558832998722779e-15,2.4156422110108096e-14,False,type53_ans5_ans6_or_phint53_energy_quadrature
8,21735,53,7,2,1,2.415068986688737e-07,2.415059916513772e-07,-5.627861904929484e-06,-5.386355913278107e-06,2.776161434910472e-13,-6.294013530609252e-13,False,type53_ans5_ans6_or_phint53_energy_quadrature
8,21736,53,7,2,1,2.932533502764567e-09,2.885428727868203e-09,-1.428744504270557e-06,-1.4258590755426888e-06,1.8414187177152128e-10,1.370370968751571e-10,False,type53_ans5_ans6_or_phint53_energy_quadrature
8,21737,53,7,2,1,3.1209526023499863e-09,2.885428727868203e-09,-1.428744504270557e-06,-1.4258590755426888e-06,9.207093588576064e-10,6.851854843758228e-10,False,type53_ans5_ans6_or_phint53_energy_quadrature
8,21738,53,7,2,1,3.026743052557288e-09,2.885428727868203e-09,-1.428744504270557e-06,-1.4258590755426888e-06,5.52425615314564e-10,4.1111129062547887e-10,False,type53_ans5_ans6_or_phint53_energy_quadrature
8,21739,53,7,2,1,4.769417692737216e-09,4.769403432080427e-09,-3.607384729397408e-08,-4.0843250726054505e-08,5.072134113077538e-16,1.4767870199682867e-14,False,type53_ans5_ans6_or_phint53_energy_quadrature
8,21740,53,7,2,1,1.1441181660451157e-07,1.1441181655314417e-07,-5.332630703005414e-07,-6.476748868536856e-07,1.189041931624635e-18,5.255643803575986e-17,False,type53_ans5_ans6_or_phint53_energy_quadrature
8,21741,53,7,2,1,7.662042202934131e-10,7.639556349489882e-10,-2.440130169482911e-07,-2.432490613133421e-07,5.29921014655244e-12,3.0506248021275026e-12,False,type53_ans5_ans6_or_phint53_energy_quadrature
8,21742,53,7,2,1,6.248174653330569e-08,6.248174653319273e-08,-3.0212488626864555e-07,-3.646066328018383e-07,4.7441483030572815e-21,1.1770527200108468e-19,False,type53_ans5_ans6_or_phint53_energy_quadrature
8,21743,53,7,2,1,2.419549774951998e-09,2.419532729956951e-09,-1.9049849963180146e-08,-2.1469382693137097e-08,6.062696700151932e-16,1.7651264716808706e-14,False,type53_ans5_ans6_or_phint53_energy_quadrature
8,21744,53,7,2,2,4.698894232155435e-08,4.698640889728018e-08,-1.1018858894299956e-06,-1.0548994805327154e-06,7.74597547912068e-13,-1.758826726260972e-12,False,type53_ans5_ans6_or_phint53_energy_quadrature
8,21745,53,7,2,1,3.312359123395407e-07,3.3123585379603546e-07,-3.903137867714073e-06,-4.234373721510108e-06,5.836619299757053e-15,6.438012454635834e-14,False,type53_ans5_ans6_or_phint53_energy_quadrature
8,21746,53,7,2,1,3.3115714942403194e-07,3.3115705198464155e-07,-3.903177312132551e-06,-4.234334364117193e-06,9.728334539409411e-15,1.0716772490688902e-13,False,type53_ans5_ans6_or_phint53_energy_quadrature
8,21747,53,7,2,1,3.311442700377705e-07,3.311441336531522e-07,-3.9031837784311664e-06,-4.234327912084319e-06,1.36198124133922e-14,1.5000443069899825e-13,False,type53_ans5_ans6_or_phint53_energy_quadrature
8,21748,53,7,2,1,1.7398625487221214e-09,1.7357265302489994e-09,-5.678926641166994e-07,-5.661569375864504e-07,1.0023940516560357e-11,5.887922043438425e-12,False,type53_ans5_ans6_or_phint53_energy_quadrature
8,21749,53,7,2,1,1.7501833177387837e-09,1.7432651982772306e-09,-5.67896419015369e-07,-5.661531538170918e-07,1.670902482608959e-11,9.790905364536413e-12,False,type53_ans5_ans6_or_phint53_energy_quadrature
8,21750,53,7,2,1,1.8478478694232305e-09,1.8377330468052446e-09,-5.679434798833246e-07,-5.661057468365193e-07,2.343420564559412e-11,1.3319383027608208e-11,False,type53_ans5_ans6_or_phint53_energy_quadrature
8,21754,53,7,2,1,4.899604465752014e-09,4.88266685444042e-09,-1.4465405441571847e-06,-1.4416578773027443e-06,3.8711505220175443e-11,2.1773893908581613e-11,False,type53_ans5_ans6_or_phint53_energy_quadrature
8,21755,53,7,2,1,1.7073119028309442e-07,1.7073119025794331e-07,-8.098671168497452e-07,-9.805983071076885e-07,8.91511569529597e-19,2.6042609199167026e-17,False,type53_ans5_ans6_or_phint53_energy_quadrature
8,21756,53,7,2,1,7.381948972981334e-08,7.381947257710753e-08,-2.2517504886401156e-07,-2.989945214411191e-07,1.9536368129080364e-15,1.910634262404784e-14,False,type53_ans5_ans6_or_phint53_energy_quadrature
8,21757,53,7,2,2,1.4351471266138872e-08,1.1489246930325466e-08,-7.858279687610326e-08,-9.007204380642873e-08,2.2816298861230875e-10,3.0903873244257155e-09,False,type53_ans5_ans6_or_phint53_energy_quadrature
8,21758,53,7,2,2,1.32065815318135e-08,1.1489246930325466e-08,-7.858279687610326e-08,-9.007204380642873e-08,1.3689779316738522e-10,1.8542323946554184e-09,False,type53_ans5_ans6_or_phint53_energy_quadrature
8,21759,53,7,2,2,1.2061691797488154e-08,1.1489246930325466e-08,-7.858279687610326e-08,-9.007204380642873e-08,4.563259772246175e-11,6.180774648851495e-10,False,type53_ans5_ans6_or_phint53_energy_quadrature
8,21760,53,7,2,1,1.3645115522211379e-07,1.364511552156821e-07,-4.336545388972645e-07,-5.701056941129466e-07,3.012451111388221e-19,6.7329131794127284e-18,False,type53_ans5_ans6_or_phint53_energy_quadrature
8,21761,53,7,2,1,1.957319428581057e-08,1.957319428581057e-08,-4.6301623603082425e-08,-6.5874817888893e-08,1.851711331155788e-80,3.373795574723185e-157,False,type53_ans5_ans6_or_phint53_energy_quadrature
8,21762,53,7,2,1,3.1735010312392424e-09,3.170009241023623e-09,-8.301645169692948e-07,-8.269945077282712e-07,7.1931204041684884e-12,3.701330188549202e-12,False,type53_ans5_ans6_or_phint53_energy_quadrature
8,21763,53,7,2,1,5.727658014266626e-08,5.7276538674338847e-08,-1.6291440011895582e-07,-2.2019093879329467e-07,4.370998578163616e-15,4.583932598735395e-14,False,type53_ans5_ans6_or_phint53_energy_quadrature
8,21764,53,7,2,1,2.9381090818620474e-08,2.9381090818039617e-08,-1.4513887660284877e-07,-1.7451996742088838e-07,2.3927434865681808e-20,6.04784223026541e-19,False,type53_ans5_ans6_or_phint53_energy_quadrature
8,21765,53,7,2,1,2.937907111810953e-08,2.9379071117141514e-08,-1.4514083305209297e-07,-1.7451990416923448e-07,3.991830674474731e-20,1.0079344925752708e-18,False,type53_ans5_ans6_or_phint53_energy_quadrature
8,21766,53,7,2,1,2.9378740012799966e-08,2.9378740011444763e-08,-1.451411537821416e-07,-1.7451989379358637e-07,5.58946373265138e-20,1.4110992900219125e-18,False,type53_ans5_ans6_or_phint53_energy_quadrature
8,21767,53,7,2,1,3.965996184004401e-09,3.965996184004401e-09,-9.070905757426521e-09,-1.3036901941430922e-08,5.437856251988457e-27,1.378948338935506e-25,False,type53_ans5_ans6_or_phint53_energy_quadrature
8,21768,53,7,2,1,1.977492344071422e-09,1.977478543623117e-09,-1.673519086799909e-08,-1.8712669411622206e-08,6.072724386498235e-16,1.4407720743467835e-14,False,type53_ans5_ans6_or_phint53_energy_quadrature
